plugin_id,severity,name
11030,HIGH,Apache Chunked Encoding Remote Overflow
11110,HIGH,MS02-045: Microsoft Windows SMB Protocol SMB_COM_TRANSACTION Packet Remote Overflow DoS (326830) (uncredentialed check)
11137,HIGH,Apache < 1.3.27 Multiple Vulnerabilities (DoS, XSS)
11214,CRITICAL,MS02-061: Microsoft SQL Server Multiple Vulnerabilities (uncredentialed check)
11267,MEDIUM,OpenSSL < 0.9.6j / 0.9.7b Multiple Vulnerabilities
11322,MEDIUM,MS02-035: MS SQL Installation may leave passwords on system (263968)
11323,HIGH,Flash Player < 6.0.79.0 Multiple Unspecified Overflows
11506,HIGH,QuickTime < 6.1 URL Handling Overflow (Windows)
11793,HIGH,Apache < 1.3.28 Multiple Vulnerabilities (DoS, ID)
11804,MEDIUM,MS03-031: Cumulative Patch for MS SQL Server (815495)
11808,CRITICAL,MS03-026: Microsoft RPC Interface Buffer Overrun (823980) (uncredentialed check)
11835,CRITICAL,MS03-039: Microsoft RPC Interface Buffer Overrun (824146) (uncredentialed check)
11850,HIGH,PHP < 4.3.3 Multiple Vulnerabilities
11890,CRITICAL,MS03-043: Buffer Overrun in Messenger Service (828035) (uncredentialed check)
11915,HIGH,Apache < 1.3.29 Multiple Modules Local Overflow
11952,MEDIUM,Flash Player < 7.0.19.0 Predictable Data Location Weakness
12054,CRITICAL,MS04-007: ASN.1 Vulnerability Could Allow Code Execution (828028) (uncredentialed check) (NTLM)
12085,MEDIUM,Apache Tomcat Default Files
12110,MEDIUM,OpenSSL < 0.9.6m / 0.9.7d Multiple Remote DoS
12209,CRITICAL,MS04-011: Security Update for Microsoft Windows (835732) (uncredentialed check)
12280,MEDIUM,Apache < 1.3.31 / 2.0.49 Socket Connection Blocking Race Condition DoS
13852,CRITICAL,MS04-022: Microsoft Windows Task Scheduler Remote Overflow (841873) (uncredentialed check)
14724,HIGH,MS04-028: Buffer Overrun in JPEG Processing (833987)
15973,HIGH,PHP < 4.3.10 / 5.0.3 Multiple Vulnerabilities
17637,HIGH,QuickTime < 6.5.2 PictureViewer Malformed JPEG Overflow (Windows)
17696,MEDIUM,Apache HTTP Server 403 Error Page UTF-7 Encoded XSS
17710,HIGH,PHP < 4.4.4 Multiple Vulnerabilities
17755,MEDIUM,OpenSSL < 0.9.7h / 0.9.8a Protocol Version Rollback
17756,MEDIUM,OpenSSL < 0.9.7k / 0.9.8c PKCS Padding RSA Signature Forgery Vulnerability
17757,CRITICAL,OpenSSL < 0.9.7l / 0.9.8d Multiple Vulnerabilities
17758,MEDIUM,OpenSSL < 0.9.7m / 0.9.8e Buffer Overflow (deprecated)
17759,MEDIUM,OpenSSL < 0.9.8 Weak Default Configuration
17760,HIGH,OpenSSL 0.9.8 < 0.9.8f Multiple Vulnerabilities
17761,MEDIUM,OpenSSL 0.9.8 < 0.9.8i Vulnerability
17762,MEDIUM,OpenSSL 0.9.8 < 0.9.8j Vulnerability
17763,LOW,OpenSSL 0.9.8 < 0.9.8k Multiple Vulnerabilities
17765,MEDIUM,OpenSSL < 0.9.8l Multiple Vulnerabilities
17766,HIGH,OpenSSL < 0.9.8p / 1.0.0b Buffer Overflow
17767,MEDIUM,OpenSSL < 0.9.8p / 1.0.0e Double Free Vulnerability
17796,HIGH,PHP 4.x < 4.3.0 ZendEngine Integer Overflow
18026,HIGH,MS05-023: Vulnerability in Word May Lead to Code Execution (890169)
18033,HIGH,PHP < 4.3.11 / 5.0.3 Multiple Unspecified Vulnerabilities
18482,HIGH,MS05-026: Vulnerability in HTML Help Could Allow Remote Code Execution (896358)
18502,CRITICAL,MS05-027: Vulnerability in SMB Could Allow Remote Code Execution (896422) (uncredentialed check)
18681,HIGH,MS05-036: Vulnerability in Microsoft Color Management Module Could Allow Remote Code Execution (901214)
19402,CRITICAL,MS05-039: Vulnerability in Plug and Play Could Allow Remote Code Execution and Elevation of Privilege (899588)
19403,HIGH,MS05-040: Vulnerability in Telephony Service Could Allow Remote Code Execution (893756)
19405,MEDIUM,MS05-042: Vulnerability in Kerberos Could Allow Denial of Service, Information Disclosure and Spoofing (899587)
19407,HIGH,MS05-043: Vulnerability in Printer Spooler Service Could Allow Remote Code Execution (896423) (uncredentialed check)
19408,CRITICAL,MS05-039: Vulnerability in Plug and Play Service Could Allow Remote Code Execution (899588) (uncredentialed check)
19998,MEDIUM,MS05-045: Vulnerability in Network Connection Manager Could Allow Denial of Service (905414)
19999,CRITICAL,MS05-046: Vulnerability in the Client Service for NetWare Could Allow Remote Code Execution (899589)
20001,HIGH,MS05-048: Vulnerability in the Microsoft Collaboration Data Objects Could Allow Remote Code Execution (907245)
20003,HIGH,MS05-050: Vulnerability in DirectShow Could Allow Remote Code Execution (904706)
20004,CRITICAL,MS05-051: Vulnerabilities in MSDTC and COM+ Could Allow Remote Code Execution (902400)
20111,HIGH,PHP < 4.4.1 / 5.0.6 Multiple Vulnerabilities
20136,HIGH,QuickTime < 7.0.3 Multiple Vulnerabilities (Windows)
20158,HIGH,Flash Player < 7.0.60.0 / 8.0.22.0 Multiple Vulnerabilities
20389,HIGH,MS06-002: Vulnerability in Embedded Web Fonts Could Allow Remote Code Execution (908519)
20390,HIGH,MS06-003: Vulnerability in TNEF Decoding in Microsoft Outlook and Microsoft Exchange Could Allow Remote Code Execution (902412)
20395,HIGH,QuickTime < 7.0.4 Multiple Vulnerabilities (Windows)
20907,MEDIUM,MS06-007: Vulnerability in TCP/IP Could Allow Denial of Service (913446)
20908,MEDIUM,MS06-008: Vulnerability in Web Client Service Could Allow Remote Code Execution (911927)
21023,MEDIUM,Dropbear SSH Authorization-pending Connection Saturation DoS
21078,HIGH,MS06-012: Vulnerabilities in Microsoft Office Could Allow Remote Code Execution (905413)
21079,MEDIUM,Flash Player swf Processing Multiple Unspecified Code Execution (APSB06-03)
21193,CRITICAL,MS05-047: Plug and Play Remote Code Execution and Local Privilege Elevation (905749) (uncredentialed check)
21211,MEDIUM,MS06-014: Vulnerability in MDAC Could Allow Code Execution (911562)
21556,HIGH,QuickTime < 7.1 Multiple Vulnerabilities (Windows)
21655,CRITICAL,MS04-012: Cumulative Update for Microsoft RPC/DCOM (828741) (uncredentialed check)
21686,MEDIUM,MS06-022: Vulnerability in ART Image Rendering Could Allow Remote Code Execution (918439)
21687,MEDIUM,MS06-023: Vulnerability in Microsoft JScript Could Allow Remote Code Execution (917344)
21689,HIGH,MS06-025: Vulnerability in Routing and Remote Access Could Allow Remote Code Execution (911280)
21690,HIGH,MS06-027: Vulnerabilities in Microsoft Word Could Allow Remote Code Execution (917336)
21692,CRITICAL,MS06-030: Vulnerability in Server Message Block Could Allow Elevation of Privilege (914389)
21694,HIGH,MS06-032: Vulnerability in TCP/IP Could Allow Remote Code Execution (917953)
21698,MEDIUM,Adobe Reader < 7.0.8 Multiple Unspecified Vulnerabilities
22028,MEDIUM,MS06-034: Vulnerability in Microsoft IIS using ASP Could Allow Remote Code Execution (917537)
22030,HIGH,MS06-036: Vulnerability in DHCP Client Service Could Allow Remote Code Execution (914388)
22031,MEDIUM,MS06-037: Vulnerabilities in Microsoft Excel Could Allow Remote Code Execution (917285)
22032,MEDIUM,MS06-038: Vulnerabilities in Microsoft Office Could Allow Remote Code Execution (917284)
22033,MEDIUM,MS06-039: Vulnerabilities in Microsoft Office Filters Could Allow Remote Code Execution (915384)
22034,HIGH,MS06-035: Vulnerability in Server Service Could Allow Remote Code Execution (917159) (uncredentialed check)
22056,CRITICAL,Flash Player Multiple Vulnerabilities (APSB06-11)
22183,CRITICAL,MS06-041: Vulnerability in DNS Resolution Could Allow Remote Code Execution (920683)
22188,HIGH,MS06-046: Vulnerability in HTML Help Could Allow Remote Code Execution (922616)
22189,MEDIUM,MS06-047: Vulnerability in Microsoft Visual Basic for Applications Could Allow Remote Code Execution (921645)
22190,HIGH,MS06-048: Vulnerabilities in Microsoft Office Could Allow Remote Code Execution (922968)
22192,HIGH,MS06-050: Vulnerabilities in Microsoft Windows Hyperlink Object Library Could Allow Remote Code Execution (920670)
22194,CRITICAL,MS06-040: Vulnerability in Server Service Could Allow Remote Code Execution (921883) (uncredentialed check)
22268,HIGH,PHP < 4.4.3 / 5.1.4 Multiple Vulnerabilities
22333,MEDIUM,MS06-053: Vulnerability in Indexing Service Could Allow XSS (920685)
22334,MEDIUM,MS06-054: Vulnerability in Microsoft Publisher Could Allow Remote Code Execution (910729)
22336,HIGH,QuickTime < 7.1.3 Multiple Vulnerabilities (Windows)
22510,HIGH,CA BrightStor ARCserve Backup for Windows Multiple Remote Buffer Overflows (QO81201)
22529,MEDIUM,MS06-056: Vulnerabilities in ASP.NET could allow information disclosure (922770)
22530,HIGH,MS06-057: Vulnerability in Windows Explorer Could Allow Remote Execution (923191)
22532,HIGH,MS06-059: Vulnerabilities in Microsoft Excel Could Allow Remote Code Execution (924164)
22533,MEDIUM,MS06-060: Vulnerabilities in Microsoft Word Could Allow Remote Code Execution (924554)
22534,HIGH,MS06-061: Vulnerabilities in Microsoft XML Core Services Could Allow Remote Code Execution (924191)
22535,MEDIUM,MS06-062: Vulnerabilities in Microsoft Office Could Allow Remote Code Execution (922581)
22536,HIGH,MS06-063: Vulnerability in Server Service Could Allow Denial of Service (923414)
22537,MEDIUM,MS06-064: Vulnerability in TCP/IP IPv6 Could Allow Denial of Service (922819)
22538,MEDIUM,MS06-065: Vulnerability in Windows Object Packager Could Allow Remote Execution (924496)
23643,HIGH,MS06-066: Vulnerability in the Client Service for NetWare Could Allow Remote Code Execution (923980)
23644,HIGH,MS06-067: Cumulative Security Update for Internet Explorer (922760)
23645,HIGH,MS06-068: Vulnerability in Microsoft Agent Could Remote Code Execution (920213)
23776,HIGH,Adobe Reader < 8.0 AcroPDF ActiveX Control Multiple Vulnerabilities
23833,HIGH,MS06-072: Cumulative Security Update for Internet Explorer (925454)
23837,CRITICAL,MS06-074: Vulnerability in SNMP Could Allow Remote Code Execution (926247)
23838,HIGH,MS06-078: Vulnerability in Windows Media Format Could Allow Remote Code Execution (923689/925398)
23841,HIGH,CA BrightStor ARCserve Backup Discovery Service Overflow
23869,MEDIUM,Flash Player HTTP Header CRLF Injection (APSB06-18)
23931,HIGH,Sun Java JRE Multiple Vulnerabilities (102729 / 102732)
23975,HIGH,Adobe PDF Plug-In < 8.0 / 7.0.9 / 6.0.6 Multiple Vulnerabilities (APSB07-01)
23998,HIGH,MS07-002: Vulnerabilities in Microsoft Excel Could Allow Remote Code Execution (927198)
23999,HIGH,MS07-003: Vulnerabilities in Microsoft Outlook Could Allow Remote Code Execution (925938)
24002,HIGH,Adobe Reader < 6.0.6 / 7.0.9 Multiple Vulnerabilities
24015,CRITICAL,CA BrightStor ARCserve Backup Multiple Vulnerabilities (QO84983)
24022,HIGH,Sun Java JRE GIF Image Handling Buffer Overflow (102760)
24330,HIGH,MS07-006: Vulnerability in Windows Shell Could Allow Elevation of Privilege (928255)
24332,HIGH,MS07-008: Vulnerability in HTML Help ActiveX Control Could Allow Remote Code Execution (928843)
24335,HIGH,MS07-011: Vulnerability in Microsoft OLE Dialog Could Allow Remote Code Execution (926436)
24337,HIGH,MS07-013: Vulnerability in Microsoft RichEdit Could Allow Remote Code Execution (918118)
24338,HIGH,MS07-014: Vulnerabilities in Microsoft Word Could Allow Remote Code Execution (929434)
24339,HIGH,MS07-015: Vulnerabilities in Microsoft Office Could Allow Remote Code Execution (932554)
24340,CRITICAL,MS07-016: Cumulative Security Update for Internet Explorer (928090)
24761,HIGH,QuickTime < 7.1.5 Multiple Vulnerabilities (Windows)
24816,CRITICAL,CA BrightStor ARCserve Backup Tape Engine and Portmapper Multiple Vulnerabilities (QO86255)
24906,HIGH,PHP < 4.4.5 Multiple Vulnerabilities
24911,HIGH,MS07-017: Vulnerabilities in GDI Could Allow Remote Code Execution (925902)
25025,HIGH,MS07-022: Vulnerability in Windows Kernel Could Allow Elevation of Privilege (931784)
25086,CRITICAL,CA BrightStor ARCserve Backup Multiple Vulnerabilities (QO87569)
25123,HIGH,QuickTime < 7.1.6 quicktime.util.QTHandleRef toQTPointer Method Arbitrary Code Execution (Windows)
25124,HIGH,Sun Java Web Start Unauthorized Access (102881)
25162,HIGH,MS07-023: Vulnerabilities in Microsoft Excel Could Allow Remote Code Execution (934233)
25163,HIGH,MS07-024: Vulnerabilities in Microsoft Word Could Allow Remote Code Execution (934232)
25164,HIGH,MS07-025: Vulnerabilities in Microsoft Office Could Allow Remote Code Execution (934873)
25166,HIGH,MS07-027: Cumulative Security Update for Internet Explorer (931768)
25167,HIGH,MS07-028: Vulnerability in CAPICOM Could Allow Remote Code Execution (931906) (deprecated)
25347,HIGH,QuickTime < 7.1.6 Security Update (Windows)
25368,HIGH,PHP < 5.2.3 Multiple Vulnerabilities
25370,HIGH,Sun Java JRE Image Parsing Vulnerabilities (102934)
25484,HIGH,MS07-031: Vulnerability in the Windows Schannel Security Package Could Allow Remote Code Execution (935840)
25486,HIGH,MS07-033: Cumulative Security Update for Internet Explorer (933566)
25488,HIGH,MS07-035: Vulnerability in Win 32 API Could Allow Remote Code Execution (935839)
25627,HIGH,Sun Java Web Start PersistenceService Application Traversal Arbitrary File Overwrite (102957)
25687,HIGH,MS07-036: Vulnerabilities in Microsoft Excel Could Allow Remote Code Execution (936542)
25688,HIGH,MS07-037: Vulnerability in Microsoft Publisher Could Allow Remote Code Execution (936548)
25691,HIGH,MS07-040: Vulnerabilities in .NET Framework Could Allow Remote Code Execution (931212)
25693,MEDIUM,Sun Java Web Start JNLP File Handling Overflow (102996)
25694,HIGH,Flash Player Multiple Vulnerabilities (APSB07-12)
25703,HIGH,QuickTime < 7.2 Multiple Vulnerabilities (Windows)
25709,HIGH,Sun Java JRE XML Signature Command Injection (102993)
25880,HIGH,MS07-042: Vulnerability in Microsoft XML Core Services Could Allow Remote Code Execution (936227)
25882,HIGH,MS07-044: Vulnerabilities in Microsoft Excel Could Allow Remote Code Execution (940965)
25883,HIGH,MS07-045: Cumulative Security Update for Internet Explorer (937143)
25884,HIGH,MS07-046: Vulnerability in GDI Could Allow Remote Code Execution (938829)
25886,HIGH,MS07-050: Vulnerability in Vector Markup Language Could Allow Remote Code Execution (938127)
25903,HIGH,Sun Java JRE Font Parsing Privilege Escalation (103024)
25971,MEDIUM,PHP < 5.2.4 Multiple Vulnerabilities
26916,HIGH,QuickTime < 7.2 Security Update (Windows)
26923,HIGH,Sun Java JRE / Web Start Multiple Vulnerabilities (103072, 103073, 103078, 103079, 103112)
26962,HIGH,MS07-056: Cumulative Security Update for Outlook Express and Windows Mail (941202)
26963,HIGH,MS07-057: Cumulative Security Update for Internet Explorer (939653)
26970,CRITICAL,CA BrightStor ARCserve Backup Multiple Remote Vulnerabilities (QO91094)
27525,HIGH,Microsoft Office Service Pack Out of Date
27584,HIGH,Adobe Reader < 8.1.1 Crafted PDF File Arbitrary Code Execution 
27626,HIGH,QuickTime < 7.3 Multiple Vulnerabilities (Windows)
28181,MEDIUM,PHP < 5.2.5 Multiple Vulnerabilities
28183,HIGH,MS07-061: Vulnerability in Windows URI Handling Could Allow Remote Code Execution (943460)
28185,MEDIUM,Macrovision SafeDisc secdrv.sys Crafted METHOD_NEITHER IOCTL Local Overflow
29308,HIGH,MS07-064: Vulnerabilities in DirectX Could Allow Remote Code Execution (941568)
29311,MEDIUM,MS07-067: Vulnerability in Macrovision Driver Could Allow Local Elevation of Privilege (944653)
29312,HIGH,MS07-068: Vulnerability in Windows Media File Format Could Allow Remote Code Execution (941569 / 944275)
29313,HIGH,MS07-069: Cumulative Security Update for Internet Explorer (942615)
29698,HIGH,QuickTime < 7.3.1 Multiple Vulnerabilities (Windows)
29741,HIGH,Flash Player < 7.0.73.0 / 9.0.115.0 Multiple Vulnerabilities (APSB07-20)
29833,HIGH,PHP < 4.4.8 Multiple Vulnerabilities
29893,CRITICAL,MS08-001: Vulnerabilities in Windows TCP/IP Could Allow Remote Code Execution (941644)
29894,HIGH,MS08-002: Vulnerability in LSASS Could Allow Local Elevation of Privilege (943485)
29982,HIGH,QuickTime < 7.4 Multiple Vulnerabilities (Windows)
30148,MEDIUM,Sun Java JRE jpiexp32.dll NULL Pointer Remote DoS
30149,HIGH,Sun Java JRE External XML Entities Restriction Bypass (231246)
30200,HIGH,Adobe Reader < 7.1.0 / 8.1.2 Multiple Vulnerabilities
30204,HIGH,QuickTime < 7.4.1 RTSP Response Long Reason-Phrase Arbitrary Remote Code Execution (Windows)
31039,MEDIUM,MS08-005: Vulnerability in Internet Information Services Could Allow Elevation of Privilege (942831)
31040,MEDIUM,MS08-006: Vulnerability in Internet Information Services Could Allow Remote Code Execution (942830)
31041,HIGH,MS08-007: Vulnerability in WebDAV Mini-Redirector Could Allow Remote Code Execution (946026)
31042,HIGH,MS08-008: Vulnerability in OLE Automation Could Allow Remote Code Execution (947890)
31044,HIGH,MS08-010: Cumulative Security Update for Internet Explorer (944533)
31046,HIGH,MS08-012: Vulnerability in Microsoft Publisher Could Allow Remote Code Execution (947085)
31047,HIGH,MS08-013: Vulnerability in Microsoft Office Could Allow Remote Code Execution (947108)
31344,HIGH,Sun Java JRE Applet Handling Privilege Escalation (231261)
31356,HIGH,Sun Java JRE Multiple Vulnerabilities (233321-233327)
31408,MEDIUM,Apache 1.3.x < 1.3.41 Multiple Vulnerabilities (DoS, XSS)
31413,HIGH,MS08-014: Vulnerabilities in Microsoft Excel Could Allow Remote Code Execution (949029)
31414,HIGH,MS08-015: Vulnerability in Microsoft Outlook Could Allow Remote Code Execution (949031)
31415,HIGH,MS08-016: Vulnerabilities in Microsoft Office Could Allow Remote Code Execution (949030)
31654,HIGH,Apache < 1.3.37 mod_rewrite LDAP Protocol URL Handling Overflow
31735,HIGH,QuickTime < 7.4.5 Multiple Vulnerabilities (Windows)
31793,MEDIUM,MS08-020: Vulnerability in DNS Client Could Allow Spoofing (945553)
31794,HIGH,MS08-021: Vulnerabilities in GDI Could Allow Remote Code Execution (948590)
31795,MEDIUM,MS08-022: Vulnerability in VBScript and JScript Scripting Engines Could Allow Remote Code Execution (944338)
31797,HIGH,MS08-024: Cumulative Security Update for Internet Explorer (947864)
31798,HIGH,MS08-025: Vulnerability in Windows Kernel Could Allow Elevation of Privilege (941693)
31799,HIGH,Flash Player < 8.0.42.0 / 9.0.124.0 Multiple Vulnerabilities (APSB08-11)
32123,HIGH,PHP < 5.2.6 Multiple Vulnerabilities
32310,HIGH,MS08-026: Vulnerabilities in Microsoft Word Could Allow Remote Code Execution (951207)
32311,HIGH,MS08-027: Vulnerability in Microsoft Publisher Could Allow Remote Code Execution (951208)
32312,HIGH,MS08-028: Vulnerability in Microsoft Jet Database Engine Could Allow Remote Code Execution (950749)
32398,CRITICAL,CA BrightStor ARCserve Backup Multiple Vulnerabilities (QO92996)
33107,HIGH,MS08-011: Vulnerabilities in Microsoft Works File Converter Could Allow Remote Code Execution (947081)
33130,HIGH,QuickTime < 7.5 Multiple Vulnerabilities (Windows)
33132,HIGH,MS08-030: Vulnerability in Bluetooth Stack Could Allow Remote Code Execution (951376)
33133,HIGH,MS08-031: Cumulative Security Update for Internet Explorer (950759)
33134,MEDIUM,MS08-032: Cumulative Security Update of ActiveX Kill Bits (950760)
33135,HIGH,MS08-033: Vulnerabilities in DirectX Could Allow Remote Code Execution (951698)
33137,HIGH,MS08-036: Vulnerabilities in Pragmatic General Multicast (PGM) Could Allow Denial of Service (950762)
33256,HIGH,Adobe Reader < 7.1.0 / 8.1.2 SU1 Unspecified JavaScript Method Handling Arbitrary Code Execution
33441,MEDIUM,MS08-037: Vulnerabilities in DNS Could Allow Spoofing (953230)
33444,HIGH,MS08-040: Vulnerabilities in Microsoft SQL Server Could Allow Elevation of Privilege (941203)
33486,HIGH,Sun Java J2SE 1.4.2 < Update 18 Multiple Vulnerabilities
33487,HIGH,Sun Java JDK/JRE 5 < Update 16 Multiple Vulnerabilities
33488,HIGH,Sun Java JDK/JRE 6 < Update 7 Multiple Vulnerabilities
33849,HIGH,PHP < 4.4.9 Multiple Vulnerabilities
33870,HIGH,MS08-041: Vulnerability in the ActiveX Control for the Snapshot Viewer for Microsoft Access Could Allow Remote Code Execution (955617)
33871,HIGH,MS08-042: Vulnerabilities in Microsoft Word Could Allow Remote Code Execution (955048)
33872,HIGH,MS08-043: Vulnerabilities in Microsoft Excel Could Allow Remote Code Execution (954066)
33873,MEDIUM,MS08-044: Vulnerabilities in Microsoft Office Filters Could Allow Remote Code Execution (924090)
33874,HIGH,MS08-045: Cumulative Security Update for Internet Explorer (953838)
33875,HIGH,MS08-046: Vulnerability in Microsoft Windows Image Color Management System Could Allow Remote Code Execution (952954)
33877,HIGH,MS08-048: Security Update for Outlook Express and Windows Mail (951066)
33878,HIGH,MS08-049: Vulnerabilities in Event System Could Allow Remote Code Execution (950974)
33879,MEDIUM,MS08-050: Vulnerability in Windows Messenger Could Allow Information Disclosure (955702)
33880,HIGH,MS08-051: Vulnerabilities in Microsoft PowerPoint Could Allow Remote Code Execution (949785)
33881,MEDIUM,MS KB953839: Cumulative Security Update of ActiveX Kill Bits
34119,HIGH,QuickTime < 7.5.5 Multiple Vulnerabilities (Windows)
34120,HIGH,MS08-052: Vulnerabilities in GDI+ Could Allow Remote Code Execution (954593)
34121,HIGH,MS08-053: Vulnerability in Windows Media Encoder 9 Could Allow Remote Code Execution (954156)
34123,HIGH,MS08-055: Vulnerabilities in Microsoft Office Could Allow Remote Code Execution (955047)
34311,HIGH,MS08-040: Microsoft SQL Server Multiple Privilege Escalation (941203) (uncredentialed check)
34393,CRITICAL,CA BrightStor ARCserve Backup RPC Interface (asdbapi.dll) Traversal Arbitrary Command Execution
34402,HIGH,MS08-057: Microsoft Excel Multiple Method Remote Code Execution (956416)
34403,HIGH,MS08-058: Microsoft Internet Explorer Multiple Vulnerabilities (956390)
34406,HIGH,MS08-061: Microsoft Windows Kernel Multiple Privilege Elevation (954211)
34408,HIGH,MS08-063: Microsoft Windows SMB File Name Handling Remote Underflow (957095)
34409,HIGH,MS08-064: Microsoft Windows Virtual Address Descriptors (VAD) Local Privilege Escalation (956841)
34411,HIGH,MS08-066: Microsoft Windows Ancillary Function Driver (afd.sys) Local Privilege Escalation (956803)
34414,MEDIUM,MS KB956391: Cumulative Security Update of ActiveX Kill Bits
34476,CRITICAL,MS08-067: Microsoft Windows Server Service Crafted RPC Request Handling Unspecified Remote Code Execution (958644) (ECLIPSEDWING)
34477,CRITICAL,MS08-067: Microsoft Windows Server Service Crafted RPC Request Handling Remote Code Execution (958644) (ECLIPSEDWING) (uncredentialed check)
34695,HIGH,Adobe Reader < 8.1.3 / 9.0 Multiple Vulnerabilities
34741,HIGH,Flash Player < 9.0.151.0 / 10.0.12.36 Multiple Vulnerabilities (APSB08-18 / APSB08-20 / APSB08-22)
34743,HIGH,MS08-068: Vulnerability in SMB Could Allow Remote Code Execution (957097)
34744,HIGH,MS08-069: Vulnerabilities in Microsoft XML Core Services Could Allow Remote Code Execution (955218)
34769,HIGH,Dropbear SSH Server svr_ses.childpidsize Remote Overflow
34815,HIGH,Adobe AIR < 1.5 Multiple Vulnerabilities (APSB08-23)
35030,HIGH,Sun Java JRE Multiple Vulnerabilities (244986 et al)
35043,HIGH,PHP 5 < 5.2.7 Multiple Vulnerabilities
35067,HIGH,PHP < 5.2.8 Multiple Vulnerabilities
35069,HIGH,MS08-070: Vulnerabilities in Visual Basic 6.0 ActiveX Controls Could Allow Remote Code Execution (932349)
35070,HIGH,MS08-071: Vulnerabilities in GDI+ Could Allow Remote Code Execution (956802)
35071,HIGH,MS08-072: Vulnerabilities in Microsoft Word Could Allow Remote Code Execution (957173)
35072,HIGH,MS08-073: Microsoft Internet Explorer Multiple Vulnerabilities (958215)
35073,HIGH,MS08-074: Microsoft Excel Multiple Method Remote Code Execution (959070)
35075,HIGH,MS08-076: Vulnerabilities in Windows Media Components Could Allow Remote Code Execution (959807)
35221,HIGH,MS08-078: Microsoft Internet Explorer Security Update (960714)
35361,CRITICAL,MS09-001: Vulnerabilities in SMB Could Allow Remote Code Execution (958687)
35362,CRITICAL,MS09-001: Microsoft Windows SMB Vulnerabilities Remote Code Execution (958687) (uncredentialed check)
35437,HIGH,QuickTime < 7.6 Multiple Vulnerabilities (Windows)
35630,HIGH,MS09-002: Cumulative Security Update for Internet Explorer (961260)
35632,HIGH,MS09-004: Vulnerability in Microsoft SQL Server Could Allow Remote Code Execution (959420)
35634,MEDIUM,MS KB960715: Cumulative Security Update of ActiveX Kill Bits
35635,HIGH,MS09-004: Vulnerability in Microsoft SQL Server Could Allow Remote Code Execution (959420) (uncredentialed check)
35742,HIGH,Flash Player 9.0.159.0 / 10.0.22.87 Multiple Vulnerabilities (APSB09-01)
35750,MEDIUM,PHP < 5.2.9 Multiple Vulnerabilities
35806,MEDIUM,Tomcat Sample App cal2.jsp 'time' Parameter XSS
35821,CRITICAL,Adobe Reader < 9.1 / 8.1.4 / 7.1.1 Multiple Vulnerabilities
35822,HIGH,MS09-006: Vulnerabilities in Windows Kernel Could Allow Remote Code Execution (958690)
35823,HIGH,MS09-007: Vulnerability in SChannel Could Allow Spoofing (960225)
36034,HIGH,Sun Java JRE Multiple Vulnerabilities (254569 / 254611 / 254608 ..)
36127,HIGH,Wireshark / Ethereal 0.99.2 to 1.0.6 Multiple Vulnerabilities
36147,HIGH,MS09-009: Vulnerabilities in Microsoft Office Excel Could Cause Remote Code Execution (968557)
36148,HIGH,MS09-010: Vulnerabilities in WordPad and Office Text Converters Could Allow Remote Code Execution (960477)
36149,HIGH,MS09-011: Vulnerability in Microsoft DirectShow Could Allow Remote Code Execution (961373)
36150,HIGH,MS09-012: Vulnerabilities in Windows Could Allow Elevation of Privilege (959454)
36151,HIGH,MS09-013: Vulnerabilities in Windows HTTP Services Could Allow Remote Code Execution (960803)
36152,HIGH,MS09-014: Cumulative Security Update for Internet Explorer (963027)
36153,HIGH,MS09-015: Blended Threat Vulnerability in SearchPath Could Allow Elevation of Privilege (959426)
38742,HIGH,MS09-017: Vulnerabilities in Microsoft Office PowerPoint Could Allow Remote Code Execution (967340)
38746,HIGH,Adobe Reader getAnnots() JavaScript Method PDF Handling Memory Corruption (APSB09-06)
38988,HIGH,QuickTime < 7.6.2 Multiple Vulnerabilities (Windows)
39341,HIGH,MS09-019: Cumulative Security Update for Internet Explorer (969897)
39342,HIGH,MS09-020: Vulnerabilities in Internet Information Services (IIS) Could Allow Elevation of Privilege (970483)
39343,HIGH,MS09-021: Vulnerabilities in Microsoft Office Excel Could Allow Remote Code Execution (969462)
39344,CRITICAL,MS09-022: Vulnerabilities in Windows Print Spooler Could Allow Remote Code Execution (961501)
39346,HIGH,MS09-024: Vulnerability in Microsoft Works Converters Could Allow Remote Code Execution (957632)
39347,HIGH,MS09-025: Vulnerabilities in Windows Kernel Could Allow Elevation of Privilege (968537)
39348,CRITICAL,MS09-026: Vulnerability in RPC Could Allow Elevation of Privilege (970238)
39349,HIGH,MS09-027: Vulnerabilities in Microsoft Office Word Could Allow Remote Code Execution (969514)
39350,MEDIUM,MS KB969898: Cumulative Security Update of ActiveX Kill Bits
39355,HIGH,Adobe Reader < 9.1.2 / 8.1.6 / 7.1.3 Multiple Vulnerabilities
39480,MEDIUM,PHP < 5.2.10 Multiple Vulnerabilities
39564,HIGH,Shockwave Player Crafted Director File Handling Remote Code Execution (APSB09-08)
39622,HIGH,MS09-032: Cumulative Security Update of ActiveX Kill Bits (973346)
39783,HIGH,MS09-043: Vulnerabilities in Microsoft Office Web Components Control Could Allow Remote Code Execution (973472)
39791,HIGH,MS09-028: Vulnerabilities in Microsoft DirectShow Could Allow Remote Code Execution (971633)
39792,HIGH,MS09-029: Vulnerabilities in the Embedded OpenType Font Engine Could Allow Remote Code Execution (961371)
39793,HIGH,MS09-030: Vulnerability in Microsoft Office Publisher Could Allow Remote Code Execution (969516)
40335,HIGH,Wireshark / Ethereal 0.9.2 to 1.2.0 Multiple Vulnerabilities
40407,HIGH,MS09-034: Cumulative Security Update for Internet Explorer (972260)
40421,HIGH,Shockwave Player < 11.5.0.601 Multiple Vulnerabilities (APSB09-11)
40434,HIGH,Flash Player < 9.0.246.0 / 10.0.32.18 Multiple Vulnerabilities (APSB09-10)
40435,HIGH,MS09-035: Vulnerabilities in Visual Studio Active Template Library Could Allow Remote Code Execution (969706)
40447,HIGH,Adobe AIR < 1.5.2 Multiple Vulnerabilities (APSB09-10)
40467,HIGH,Apache 2.2.x < 2.2.12 Multiple Vulnerabilities
40494,HIGH,Adobe Reader < 9.1.3 Flash Handling Unspecified Arbitrary Code Execution (APSB09-10)
40495,HIGH,Sun Java JRE Multiple Vulnerabilities (263408 / 263409 / 263428 ..)
40556,CRITICAL,MS09-037: Vulnerabilities in Microsoft Active Template Library (ATL) Could Allow Remote Code Execution (973908)
40557,HIGH,MS09-038: Vulnerabilities in Windows Media File Processing Could Allow Remote Code Execution (971557)
40559,MEDIUM,MS09-040: Vulnerability in Message Queuing Could Allow Elevation of Privilege (971032)
40560,HIGH,MS09-041: Vulnerability in Workstation Service Could Allow Elevation of Privilege (971657)
40561,HIGH,MS09-042: Vulnerability in Telnet Could Allow Remote Code Execution (960859)
40562,HIGH,MS09-043: Vulnerabilities in Microsoft Office Web Components Could Allow Remote Code Execution (957638)
40564,CRITICAL,MS09-039: Vulnerabilities in WINS Could Allow Remote Code Execution (969883) (uncredentialed check)
40565,HIGH,MS09-044: Vulnerabilities in Remote Desktop Connection Could Allow Remote Code Execution (970927)
40800,HIGH,Adobe Acrobat < 8.1.2 / 7.1.0 Multiple Vulnerabilities
40801,CRITICAL,Adobe Acrobat < 7.1.0 / 8.1.2 Unspecified JavaScript Method Handling Arbitrary Code Execution
40802,HIGH,Adobe Acrobat < 8.1.3 Multiple Vulnerabilities
40803,CRITICAL,Adobe Acrobat < 9.1 / 8.1.4 / 7.1.1 Multiple Vulnerabilities
40804,HIGH,Adobe Acrobat < 9.1.1 / 8.1.5 / 7.1.2 getAnnots() JavaScript Method PDF Handling Memory Corruption (APSB09-06)
40805,HIGH,Adobe Acrobat < 9.1.2 / 8.1.6 / 7.1.3 Multiple Vulnerabilities
40806,HIGH,Adobe Acrobat < 9.1.3 Flash Handling Unspecified Arbitrary Code Execution
40826,HIGH,OpenOffice < 3.1.1 Multiple Buffer Overflows
40887,CRITICAL,MS09-050: Microsoft Windows SMB2 _Smb2ValidateProviderCallback() Vulnerability (975497) (EDUCATEDSCHOLAR) (uncredentialed check)
40888,HIGH,MS09-045: Vulnerability in JScript Scripting Engine Could Allow Remote Code Execution (971961)
40889,HIGH,MS09-046: Vulnerability in DHTML Editing Component ActiveX Control Could Allow Remote Code Execution (956844)
40890,HIGH,MS09-047: Vulnerabilities in Windows Media Format Could Allow Remote Code Execution (973812)
40891,HIGH,MS09-048: Vulnerabilities in Windows TCP/IP Could Allow Remote Code Execution (967723)
40929,HIGH,QuickTime < 7.6.4 Multiple Vulnerabilities (Windows)
41014,HIGH,PHP < 5.2.11 Multiple Vulnerabilities
42052,HIGH,Apache 2.2.x < 2.2.14 Multiple Vulnerabilities
42107,HIGH,MS09-051: Vulnerabilities in Windows Media Runtime Could Allow Remote Code Execution (975682)
42108,HIGH,MS09-052: Vulnerability in Windows Media Player Could Allow Remote Code Execution (974112)
42110,HIGH,MS09-054: Cumulative Security Update for Internet Explorer (974455)
42112,MEDIUM,MS09-056: Vulnerabilities in Windows CryptoAPI Could Allow Spoofing (974571)
42113,HIGH,MS09-057: Vulnerability in Indexing Service Could Allow Remote Code Execution (969059)
42114,HIGH,MS09-058: Vulnerabilities in Windows Kernel Could Allow Elevation of Privilege (971486)
42115,HIGH,MS09-059: Vulnerability in Local Security Authority Subsystem Service Could Allow Denial of Service (975467)
42116,HIGH,MS09-060: Vulnerabilities in Microsoft Active Template Library (ATL) ActiveX Controls for Microsoft Office Could Allow Remote Code Execution (973965)
42117,HIGH,MS09-061: Vulnerabilities in the Microsoft .NET Common Language Runtime Could Allow Remote Code Execution (974378)
42118,HIGH,MS09-062: Vulnerabilities in GDI+ Could Allow Remote Code Execution (957488)
42119,HIGH,Adobe Acrobat < 9.2 / 8.1.7 / 7.1.4  Multiple Vulnerabilities (APSB09-15)
42120,HIGH,Adobe Reader < 9.2 / 8.1.7 / 7.1.4  Multiple Vulnerabilities (APSB09-15)
42369,CRITICAL,Shockwave Player <= 11.5.1.601 Multiple Vulnerabilities (APSB09-16)
42373,HIGH,Sun Java JRE Multiple Vulnerabilities (269868 / 269869 / 270476 ..)
42439,HIGH,MS09-065: Vulnerabilities in Windows Kernel-Mode Drivers Could Allow Remote Code Execution (969947)
42441,HIGH,MS09-067: Vulnerabilities in Microsoft Office Excel Could Allow Remote Code Execution (972652)
42442,HIGH,MS09-068: Vulnerability in Microsoft Office Word Could Allow Remote Code Execution (976307)
43061,MEDIUM,MS09-069: Vulnerability in Local Security Authority Subsystem Service Could Allow Denial of Service (974392)
43063,CRITICAL,MS09-071: Vulnerabilities in Internet Authentication Service Could Allow Remote Code Execution (974318)
43064,HIGH,MS09-072: Cumulative Security Update for Internet Explorer (976325)
43065,HIGH,MS09-073: Vulnerability in WordPad and Office Text Converters Could Allow Remote Code Execution (975539)
43068,HIGH,Flash Player < 9.0.260 / 10.0.42.34 Multiple Vulnerabilities (APSB09-19)
43069,HIGH,Adobe AIR < 1.5.3 Multiple Vulnerabilities (APSB09-19)
43089,HIGH,MS KB955759: Security Enhancements for the Indeo Codec
43350,HIGH,Wireshark / Ethereal 0.9.0 to 1.2.4 Multiple Vulnerabilities
43351,MEDIUM,PHP < 5.2.12 Multiple Vulnerabilities
43865,HIGH,MS10-001: Vulnerability in the Embedded OpenType Font Engine Could Allow Remote Code Execution (972270)
43875,CRITICAL,Adobe Acrobat < 9.3 / 8.2  Multiple Vulnerabilities (APSB10-02)
43876,CRITICAL,Adobe Reader < 9.3 / 8.2  Multiple Vulnerabilities (APSB10-02)
44045,HIGH,MS KB979267: Flash 6 ActiveX Control On Windows XP Multiple Vulnerabilities
44094,HIGH,Shockwave Player < 11.5.6.606 Multiple Vulnerabilities (APSB10-03)
44110,HIGH,MS10-002: Cumulative Security Update for Internet Explorer (978207)
44338,HIGH,Wireshark / Ethereal Dissector LWRES Multiple Buffer Overflows
44414,HIGH,MS10-004: Vulnerabilities in Microsoft Office PowerPoint Could Allow Remote Code Execution (975416)
44415,HIGH,MS10-005: Vulnerability in Microsoft Paint Could Allow Remote Code Execution (978706)
44416,HIGH,MS10-006: Vulnerabilities in SMB Client Could Allow Remote Code Execution (978251)
44417,HIGH,MS10-007: Vulnerability in Windows Shell Handler Could Allow Remote Code Execution (975713)
44418,MEDIUM,MS10-008: Cumulative Security Update of ActiveX Kill Bits (978262)
44421,MEDIUM,MS10-011: Vulnerability in Windows Client/Server Run-time Subsystem Could Allow Elevation of Privilege (978037)
44422,CRITICAL,MS10-012: Vulnerabilities in SMB Could Allow Remote Code Execution (971468)
44423,HIGH,MS10-013: Vulnerability in Microsoft DirectShow Could Allow Remote Code Execution (977935)
44425,HIGH,MS10-015: Vulnerabilities in Windows Kernel Could Allow Elevation of Privilege (977165)
44595,MEDIUM,Adobe AIR < 1.5.3.9130 Multiple Vulnerabilities (APSB10-06)
44596,MEDIUM,Flash Player < 10.0.45.2 Multiple Vulnerabilities (APSB10-06)
44597,HIGH,Sun OpenOffice.org < 3.2 Multiple Vulnerabilities
44643,HIGH,Adobe Acrobat < 9.3.1 / 8.2.1  Multiple Vulnerabilities (APSB10-07)
44644,HIGH,Adobe Reader < 9.3.1 / 8.2.1  Multiple Vulnerabilities (APSB10-07)
44921,MEDIUM,PHP < 5.3.2 / 5.2.13 Multiple Vulnerabilities
45004,CRITICAL,Apache 2.2.x < 2.2.15 Multiple Vulnerabilities
45020,HIGH,MS10-016: Vulnerability in Windows Movie Maker Could Allow Remote Code Execution (975561)
45021,HIGH,MS10-017: Vulnerabilities in Microsoft Office Excel Could Allow Remote Code Execution (980150)
45378,HIGH,MS10-018: Cumulative Security Update for Internet Explorer (980182)
45379,HIGH,Oracle Java SE Multiple Vulnerabilities (March 2010 CPU)
45388,HIGH,QuickTime < 7.6.6 Multiple Vulnerabilities (Windows)
45504,HIGH,Adobe Acrobat < 9.3.2 / 8.2.2  Multiple Vulnerabilities (APSB10-09)
45505,HIGH,Adobe Reader < 9.3.2 / 8.2.2  Multiple Vulnerabilities (APSB10-09)
45506,HIGH,MS10-019: Vulnerabilities in Windows Could Allow Remote Code Execution (981210)
45507,HIGH,MS10-020: Vulnerabilities in SMB Client Could Allow Remote Code Execution (980232)
45508,MEDIUM,MS10-021: Vulnerabilities in Windows Kernel Could Allow Elevation of Privilege (979683)
45509,HIGH,MS10-022: Vulnerability in VBScript Scripting Engine Could Allow Remote Code Execution (981169)
45510,HIGH,MS10-023: Vulnerability in Microsoft Office Publisher Could Allow Remote Code Execution (981160)
45513,HIGH,MS10-026: Vulnerability in Microsoft MPEG Layer-3 Codecs Could Allow Remote Code Execution (977816)
45514,HIGH,MS10-027: Vulnerability in Windows Media Player Could Allow Remote Code Execution (979402)
45516,MEDIUM,MS10-029: Vulnerability in Windows ISATAP Component Could Allow Spoofing (978338)
45517,MEDIUM,MS10-024: Vulnerabilities in Microsoft Exchange and Windows SMTP Service Could Allow Denial of Service (981832) (uncredentialed check)
45544,CRITICAL,Oracle Java JDK / JRE 6 < Update 20 Multiple Vulnerabilities
46312,HIGH,MS10-030: Vulnerability in Outlook Express and Windows Mail Could Allow Remote Code Execution (978542)
46313,HIGH,MS10-031: Vulnerability in Microsoft Visual Basic for Applications Could Allow Remote Code Execution (978213)
46329,HIGH,Shockwave Player < 11.5.7.609 Multiple Vulnerabilities (APSB10-12)
46803,MEDIUM,PHP expose_php Information Disclosure
46814,HIGH,Oracle OpenOffice.org < 3.2.1 Multiple Vulnerabilities
46839,HIGH,MS10-032: Vulnerabilities in Windows Kernel-Mode Drivers Could Allow Elevation of Privilege (979559)
46840,HIGH,MS10-033: Vulnerabilities in Media Decompression Could Allow Remote Code Execution (979902)
46841,MEDIUM,MS10-034: Cumulative Security Update of ActiveX Kill Bits (980195)
46842,HIGH,MS10-035: Cumulative Security Update for Internet Explorer (982381)
46843,HIGH,MS10-036: Vulnerability in COM Validation in Microsoft Office Could Allow Remote Code Execution (983235)
46844,MEDIUM,MS10-037: Vulnerability in the OpenType Compact Font Format (CFF) Driver Could Allow Elevation of Privilege (980218)
46845,HIGH,MS10-038: Vulnerabilities in Microsoft Office Excel Could Allow Remote Code Execution (2027452)
46847,HIGH,MS10-040: Vulnerability in Internet Information Services Could Allow Remote Code Execution (982666)
46848,MEDIUM,MS10-041: Vulnerability in Microsoft .NET Framework Could Allow Tampering (981343)
46858,HIGH,Adobe AIR < 2.0.2.12610 Multiple Vulnerabilities (APSB10-14)
46859,HIGH,Flash Player < 9.0.277.0 / 10.1.53.63 Multiple Vulnerabilities (APSB10-14)
46864,HIGH,Wireshark / Ethereal < 1.0.14 / 1.2.9 Multiple Vulnerabilities
47045,HIGH,MS KB2219475: Windows Help Center hcp:// Protocol Handler Arbitrary Code Execution
47164,HIGH,Adobe Acrobat < 9.3.3 / 8.2.3  Multiple Vulnerabilities (APSB10-15)
47165,HIGH,Adobe Reader < 9.3.3 / 8.2.3  Multiple Vulnerabilities (APSB10-15)
47556,CRITICAL,MS10-012: Vulnerabilities in SMB Could Allow Remote Code Execution (971468) (uncredentialed check)
47710,HIGH,MS10-042: Vulnerability in Help and Support Center Could Allow Remote Code Execution (2229593)
47711,HIGH,MS10-043: Vulnerability in Canonical Display Driver Could Allow Remote Code Execution (2032276)
47712,HIGH,MS10-044: Vulnerabilities in Microsoft Office Access ActiveX Controls Could Allow Remote Code Execution (982335)
47713,HIGH,MS10-045: Vulnerability in Microsoft Office Outlook Could Allow Remote Code Execution (978212)
47750,HIGH,MS KB2286198: Windows Shell Shortcut Icon Parsing Arbitrary Code Execution (EASYHOOKUP)
48205,MEDIUM,Apache 2.2.x < 2.2.16 Multiple Vulnerabilities
48213,HIGH,Wireshark / Ethereal < 1.0.15 / 1.2.10 Multiple Vulnerabilities
48216,HIGH,MS10-046: Vulnerability in Windows Shell Could Allow Remote Code Execution (2286198) (EASYHOOKUP)
48244,HIGH,PHP 5.2 < 5.2.14 Multiple Vulnerabilities
48245,HIGH,PHP 5.3 < 5.3.3 Multiple Vulnerabilities
48284,HIGH,MS10-047: Vulnerabilities in Windows Kernel Could Allow Elevation of Privilege (981852)
48285,HIGH,MS10-048: Vulnerabilities in Windows Kernel-Mode Drivers Could Allow Elevation of Privilege (2160329)
48286,HIGH,MS10-049: Vulnerabilities in SChannel could allow Remote Code Execution (980436)
48287,HIGH,MS10-050: Vulnerability in Windows Movie Maker Could Allow Remote Code Execution (981997)
48288,HIGH,MS10-051: Vulnerability in Microsoft XML Core Services Could Allow Remote Code Execution (2079403)
48289,HIGH,MS10-052: Vulnerability in Microsoft MPEG Layer-3 Codecs Could Allow Remote Code Execution (2115168)
48290,HIGH,MS10-053: Cumulative Security Update for Internet Explorer (2183461)
48291,CRITICAL,MS10-054: Vulnerabilities in SMB Server Could Allow Remote Code Execution (982214)
48292,HIGH,MS10-055: Vulnerability in Cinepak Codec Could Allow Remote Code Execution (982665)
48293,HIGH,MS10-056: Vulnerability in Microsoft Office Word Could Allow Remote Code Execution (2269638)
48294,HIGH,MS10-057: Vulnerability in Microsoft Office Excel Could Allow Remote Code Execution (2269707)
48295,HIGH,MS10-058: Vulnerabilities in TCP/IP Could Allow Elevation of Privilege (978886)
48296,HIGH,MS10-059: Vulnerabilities in the Tracing Feature for Services Could Allow Elevation of Privilege (982799)
48297,HIGH,MS10-060: Vulnerabilities in the Microsoft .NET Common Language Runtime and in Microsoft Silverlight Could Allow Remote Code Execution (2265906)
48299,HIGH,Adobe AIR < 2.0.3 Multiple Vulnerabilities (APSB10-16)
48300,HIGH,Flash Player < 9.0.280 / 10.1.82.76 Multiple Vulnerabilities (APSB10-16)
48323,HIGH,QuickTime < 7.6.7 QuickTimeStreaming.qtx SMIL File Debug Logging Overflow (Windows)
48374,HIGH,Adobe Acrobat < 9.3.4 / 8.2.4  Multiple Vulnerabilities (APSB10-17)
48375,HIGH,Adobe Reader < 9.3.4 / 8.2.4  Multiple Vulnerabilities (APSB10-17)
48405,CRITICAL,MS10-054: Vulnerabilities in SMB Server Could Allow Remote Code Execution (982214) (remote check)
48436,HIGH,Shockwave Player < 11.5.8.612
48761,MEDIUM,MS KB982316: Elevation of Privilege Using Windows Service Isolation Bypass
48762,HIGH,MS KB2269637: Insecure Library Loading Could Allow Remote Code Execution
48943,HIGH,Wireshark / Ethereal < 1.2.11 / 1.0.16 Path Subversion Arbitrary DLL Injection Code Execution
49172,HIGH,Adobe Acrobat < 9.4 / 8.2.5 Multiple Vulnerabilities (APSB10-21)
49173,HIGH,Adobe Reader < 9.4 / 8.2.5 Multiple Vulnerabilities (APSB10-21)
49219,HIGH,MS10-061: Vulnerability in Print Spooler Service Could Allow Remote Code Execution (2347290) (EMERALDTHREAD)
49220,HIGH,MS10-062: Vulnerability in MPEG-4 Codec Could Allow Remote Code Execution (975558)
49221,HIGH,MS10-063: Vulnerability in Unicode Scripts Processor Could Allow Remote Code Execution (2320113)
49222,HIGH,MS10-064: Vulnerability in Microsoft Office Outlook Could Allow Remote Code Execution (978212)
49223,MEDIUM,MS10-065: Vulnerabilities in Microsoft Internet Information Services (IIS) Could Allow Remote Code Execution (2267960)
49224,HIGH,MS10-066: Vulnerability in Remote Procedure Call Could Allow Remote Code Execution (982802)
49225,HIGH,MS10-067: Vulnerability in WordPad Text Converters Could Allow Remote Code Execution (2259922)
49227,MEDIUM,MS10-069: Vulnerability in Windows Client/Server Runtime Subsystem Could Allow Elevation of Privilege (2121546)
49260,HIGH,QuickTime < 7.6.8 Multiple Vulnerabilities (Windows)
49274,MEDIUM,MS KB2401593: Microsoft Outlook Web Access (OWA) CSRF
49307,HIGH,Flash Player < 9.0.283 / 10.1.85.3 Unspecified Code Execution (APSB10-22)
49695,MEDIUM,MS10-070: Vulnerability in ASP.NET Could Allow Information Disclosure (2418042)
49948,HIGH,MS10-071: Cumulative Security Update for Internet Explorer (2360131)
49950,HIGH,MS10-073: Vulnerabilities in Windows Kernel-Mode Drivers Could Allow Elevation of Privilege (981957)
49951,HIGH,MS10-074: Vulnerability in Microsoft Foundation Classes Could Allow Remote Code Execution (2387149)
49952,HIGH,MS10-075: Vulnerability in Media Player Network Sharing Service Could Allow Remote Code Execution (2281679)
49953,HIGH,MS10-076: Vulnerability in the Embedded OpenType Font Engine Could Allow Remote Code Execution (982132)
49954,HIGH,MS10-077: Vulnerability in .NET Framework Could Allow Remote Code Execution (2160841)
49955,HIGH,MS10-078: Vulnerabilities in the OpenType Font (OTF) Format Driver Could Allow Elevation of Privilege (2279986)
49956,HIGH,MS10-079: Vulnerabilities in Microsoft Word Could Allow Remote Code Execution (2293194)
49957,HIGH,MS10-080: Vulnerabilities in Microsoft Excel Could Allow Remote Code Execution (2293211)
49958,HIGH,MS10-081: Vulnerability in Windows Common Control Library Could Allow Remote Code Execution (2296011)
49959,HIGH,MS10-082: Vulnerability in Windows Media Player Could Allow Remote Code Execution (2378111)
49960,HIGH,MS10-083: Vulnerability in COM Validation in Windows Shell and WordPad Could Allow Remote Code Execution (2405882)
49961,HIGH,MS10-084: Vulnerability in Windows Local Procedure Call Could Cause Elevation of Privilege (2360937)
49962,HIGH,MS10-085: Vulnerability in SChannel Could Allow Denial of Service (2207566)
49996,CRITICAL,Oracle Java SE Multiple Vulnerabilities (October 2010 CPU)
50070,MEDIUM,Apache 2.2.x < 2.2.17 Multiple Vulnerabilities
50071,HIGH,BlackBerry Enterprise Server / Attachment Service PDF Distiller Buffer Overflow (KB24547)
50387,HIGH,Shockwave Player < 11.5.9.615
50493,HIGH,Flash Player < 9.0.289 / 10.1.102.64 Multiple Vulnerabilities (APSB10-26)
50528,HIGH,MS10-087: Vulnerabilities in Microsoft Office Could Allow Remote Code Execution (2423930)
50529,HIGH,MS10-088: Vulnerabilities in Microsoft PowerPoint Could Allow Remote Code Execution (2293386)
50604,HIGH,Adobe AIR < 2.5.1 Multiple Vulnerabilities (APSB10-26)
50613,HIGH,Adobe Acrobat 9.x < 9.4.1 Multiple Vulnerabilities (APSB10-28)
50614,HIGH,Adobe Reader < 9.4.1 Multiple Vulnerabilities (APSB10-28)
50678,MEDIUM,Wireshark < 1.2.13 / 1.4.2 Multiple Vulnerabilities
51062,HIGH,QuickTime < 7.6.9 Multiple Vulnerabilities (Windows)
51139,MEDIUM,PHP 5.2 < 5.2.15 Multiple Vulnerabilities
51140,MEDIUM,PHP 5.3 < 5.3.4 Multiple Vulnerabilities
51162,HIGH,MS10-090: Cumulative Security Update for Internet Explorer (2416400)
51163,HIGH,MS10-091: Vulnerabilities in the OpenType Font (OTF) Driver Could Allow Remote Code Execution (2296199)
51164,HIGH,MS10-092: Vulnerability in Task Scheduler Could Allow Elevation of Privilege (2305420)
51166,HIGH,MS10-094: Vulnerability in Windows Media Encoder Could Allow Remote Code Execution (2447961)
51167,HIGH,MS10-095: Vulnerability in Microsoft Windows Could Allow Remote Code Execution (2385678)
51168,HIGH,MS10-096: Vulnerability in Windows Address Book Could Allow Remote Code Execution (2423089)
51169,HIGH,MS10-097: Insecure Library Loading in Internet Connection Signup Wizard Could Allow Remote Code Execution (2443105)
51170,HIGH,MS10-098: Vulnerabilities in Windows Kernel-Mode Drivers Could Allow Elevation of Privilege (2436673)
51171,HIGH,MS10-099: Vulnerability in Routing and Remote Access Could Allow Elevation of Privilege (2440591)
51172,HIGH,MS10-100: Vulnerability in Consent User Interface Could Allow Elevation of Privilege (2442962)
51175,HIGH,MS10-103: Vulnerabilities in Microsoft Publisher Could Allow Remote Code Execution (2292970)
51177,HIGH,MS10-105: Vulnerabilities in Microsoft Office Graphics Filters Could Allow for Remote Code Execution (968095)
51191,HIGH,BlackBerry Enterprise Server / Attachment Service PDF Distiller Buffer Overflow (KB24761)
51439,MEDIUM,PHP 5.2 < 5.2.17 / 5.3 < 5.3.5 String To Double Conversion DoS
51455,HIGH,MS11-002: Vulnerabilities in Microsoft Data Access Components Could Allow Remote Code Execution (2451910)
51458,HIGH,Wireshark < 1.2.14 / 1.4.3 Multiple Vulnerabilities
51527,HIGH,BlackBerry Enterprise Server / Attachment Service PDF Distiller Buffer Overflow (KB25382)
51587,HIGH,MS KB2488013: Internet Explorer CSS Import Rule Processing Arbitrary Code Execution
51773,HIGH,Oracle OpenOffice.org < 3.3 Multiple Vulnerabilities
51892,MEDIUM,OpenSSL SSL_OP_NETSCAPE_REUSE_CIPHER_CHANGE_BUG Session Resume Ciphersuite Downgrade Issue
51903,HIGH,MS11-003: Cumulative Security Update for Internet Explorer (2482017)
51904,CRITICAL,MS11-004: Vulnerability in Internet Information Services (IIS) FTP Service Could Allow Remote Code Execution (2489256)
51906,HIGH,MS11-006: Vulnerability in Windows Shell Graphics Processing Could Allow Remote Code Execution (2483185)
51907,HIGH,MS11-007: Vulnerability in the OpenType Compact Font Format (CFF) Driver Could Allow Remote Code Execution (2485376)
51909,MEDIUM,MS11-009: Vulnerability in JScript and VBScript Scripting Engine Could Allow Information Disclosure (2475792)
51910,MEDIUM,MS11-010: Vulnerability in Windows Client/Server Run-time Subsystem Could Allow Elevation of Privilege (2476687)
51911,HIGH,MS11-011: Vulnerabilities in Windows Kernel Could Allow Elevation of Privilege (2393802)
51912,HIGH,MS11-012: Vulnerabilities in Windows Kernel-Mode Drivers Could Allow Elevation of Privilege (2479628)
51913,HIGH,MS11-013: Vulnerabilities in Kerberos Could Allow Elevation of Privilege (2496930)
51914,HIGH,MS11-014: Vulnerability in Local Security Authority Subsystem Service Could Allow Local Elevation of Privilege (2478960)
51924,HIGH,Adobe Acrobat < 10.0.1 / 9.4.2 / 8.2.5 Multiple Vulnerabilities (APSB11-03)
51925,HIGH,Adobe Reader < 10.0.1 / 9.4.2 / 8.2.6 Multiple Vulnerabilities (APSB11-03)
51926,HIGH,Flash Player < 10.2.152.26 Multiple Vulnerabilities (APSB11-02)
51936,CRITICAL,Shockwave Player < 11.5.9.620 (APSB11-01)
51956,CRITICAL,MS11-004: Vulnerability in Internet Information Services (IIS) FTP Service Could Allow Remote Code Execution (2489256) (uncredentialed check)
52002,CRITICAL,Oracle Java SE Multiple Vulnerabilities (February 2011 CPU)
52456,HIGH,MS KB2491888: Microsoft Malware Protection Engine (MMPE) Privilege Escalation
52458,HIGH,Foxit Reader < 4.3.1.0218 Multiple Vulnerabilities
52502,HIGH,Wireshark < 1.2.15 / 1.4.4 Multiple Vulnerabilities
52544,CRITICAL,Microsoft Forefront Endpoint Protection / System Center Endpoint Protection / Anti-malware Client Detection and Status
52583,HIGH,MS11-015: Vulnerabilities in Windows Media Could Allow Remote Code Execution (2510030)
52584,HIGH,MS11-016: Vulnerability in Microsoft Groove Could Allow Remote Code Execution (2494047)
52585,HIGH,MS11-017: Vulnerabilities in Remote Desktop Connection Could Allow Remote Code Execution (2508062)
52671,HIGH,Adobe Acrobat 9.x / 10.x Unspecified Memory Corruption (APSB11-06)
52672,HIGH,Adobe Reader 9.x / 10.x Unspecified Memory Corruption (APSB11-06)
52673,HIGH,Flash Player < 10.2.153.1 Unspecified Memory Corruption (APSB11-05)
52717,HIGH,PHP 5.3 < 5.3.6 Multiple Vulnerabilities
52755,HIGH,Adobe AIR < 2.6 Unspecified Memory Corruption (APSB11-05)
53375,HIGH,MS11-018: Cumulative Security Update for Internet Explorer (2497640)
53376,HIGH,MS11-019: Vulnerabilities in SMB Client Could Allow Remote Code Execution (2511455)
53377,CRITICAL,MS11-020: Vulnerability in SMB Server Could Allow Remote Code Execution (2508429)
53378,HIGH,MS11-021: Vulnerabilities in Microsoft Excel Could Allow Remote Code Execution (2489279)
53379,HIGH,MS11-022: Vulnerabilities in Microsoft PowerPoint Could Allow Remote Code Execution (2489283)
53381,HIGH,MS11-024: Vulnerability in Windows Fax Cover Page Editor Could Allow Remote Code Execution (2527308)
53382,HIGH,MS11-025: Vulnerability in Microsoft Foundation Class (MFC) Library Could Allow Remote Code Execution (2500212)
53383,MEDIUM,MS11-026: Vulnerability in MHTML Could Allow Information Disclosure (2503658)
53384,MEDIUM,MS11-027: Cumulative Security Update of ActiveX Kill Bits (2508272)
53385,HIGH,MS11-028: Vulnerability in .NET Framework Could Allow Remote Code Execution (2484015)
53386,HIGH,MS11-029: Vulnerability in GDI+ Could Allow Remote Code Execution (2489979)
53387,HIGH,MS11-030: Vulnerability in DNS Resolution Could Allow Remote Code Execution (2509553)
53388,HIGH,MS11-031: Vulnerability in JScript and VBScript Scripting Engines Could Allow Remote Code Execution (2514666)
53389,HIGH,MS11-032: Vulnerability in the OpenType Compact Font Format (CFF) Driver Could Allow Remote Code Execution (2507618)
53390,HIGH,MS11-033: Vulnerability in WordPad Text Converters Could Allow Remote Code Execution (2485663)
53391,HIGH,MS11-034: Vulnerabilities in Windows Kernel-Mode Drivers Could Allow Elevation of Privilege (2506223)
53450,HIGH,Adobe Acrobat 9.x / 10.x Multiple Vulnerabilities (APSB11-08)
53451,HIGH,Adobe Reader 9.x / 10.x Multiple Vulnerabilities (APSB11-08)
53472,HIGH,Flash Player < 10.2.159.1 ActionScript Predefined Class Prototype Addition Remote Code Execution (APSB11-07)
53473,HIGH,Wireshark < 1.2.16 / 1.4.5 Multiple Vulnerabilities
53474,HIGH,Adobe AIR < 2.6.0.19140 ActionScript Predefined Class Prototype Addition Remote Code Execution (APSB11-07)
53503,CRITICAL,MS11-020: Vulnerability in SMB Server Could Allow Remote Code Execution (2508429) (remote check)
53514,CRITICAL,MS11-030: Vulnerability in DNS Resolution Could Allow Remote Code Execution (2509553) (remote check)
53829,LOW,BlackBerry Enterprise Server Web Desktop Manager XSS (KB26296)
53830,HIGH,MS KB2526954: Microsoft Silverlight 4.0 < 4.0.60310 Multiple Vulnerabilities
53859,HIGH,MS11-036: Vulnerabilities in Microsoft PowerPoint Could Allow Remote Code Execution (2545814)
53896,MEDIUM,Apache 2.2.x < 2.2.18 APR apr_fnmatch DoS
54299,HIGH,Flash Player < 10.3.181.14 Multiple Vulnerabilities (APSB11-12)
54942,MEDIUM,Wireshark < 1.2.17 / 1.4.7 Multiple DoS Vulnerabilities
54954,HIGH,Cisco AnyConnect Secure Mobility Client < 2.3.254 Multiple Vulnerabilities
54972,MEDIUM,Flash Player < 10.3.181.22 XSS (APSB11-13)
54997,CRITICAL,Oracle Java SE Multiple Vulnerabilities (June 2011 CPU)
55116,MEDIUM,Symantec Backup Exec Server Unauthorized Access (SYM11-006)
55117,MEDIUM,MS11-037: Vulnerability in MHTML Could Allow Information Disclosure (2544893)
55118,HIGH,MS11-038: Vulnerability in OLE Automation Could Allow Remote Code Execution (2476490)
55119,HIGH,MS11-039: Vulnerability in .NET Framework and Microsoft Silverlight Could Allow Remote Code Execution (2514842)
55121,HIGH,MS11-041: Vulnerability in Windows Kernel-Mode Drivers Could Allow Remote Code Execution (2525694)
55122,HIGH,MS11-042: Vulnerabilities in Distributed File System Could Allow Remote Code Execution (2535512)
55123,HIGH,MS11-043: Vulnerability in SMB Client Could Allow Remote Code Execution (2536276)
55124,HIGH,MS11-044: Vulnerability in .NET Framework Could Allow Remote Code Execution (2538814)
55125,HIGH,MS11-045: Vulnerabilities in Microsoft Excel Could Allow Remote Code Execution (2537146)
55126,HIGH,MS11-046: Vulnerability in Ancillary Function Driver Could Allow Elevation of Privilege (2503665)
55128,HIGH,MS11-048: Vulnerability in SMB Server Could Allow Denial of Service (2536275)
55129,MEDIUM,MS11-049: Vulnerability in the Microsoft XML Editor Could Allow Information Disclosure (2543893)
55130,HIGH,MS11-050: Cumulative Security Update for Internet Explorer (2530548)
55132,HIGH,MS11-052: Vulnerability in Vector Markup Language Could Allow Remote Code Execution (2544521)
55140,HIGH,Flash Player < 10.3.181.26 Multiple Vulnerabilities (APSB11-18)
55142,HIGH,Shockwave Player < 11.6.0.626 (APSB11-17)
55143,HIGH,Adobe Acrobat < 10.1 / 9.4.5 / 8.3 Multiple Vulnerabilities (APSB11-16)
55144,HIGH,Adobe Reader < 10.1 / 9.4.5 / 8.3 Multiple Vulnerabilities (APSB11-16)
55286,HIGH,MS11-048: Vulnerability in SMB Server Could Allow Denial of Service (2536275) (remote check)
55510,MEDIUM,Wireshark < 1.2.18 / 1.4.8 / 1.6.1 Multiple Denial of Service Vulnerabilities
55569,MEDIUM,MS11-053: Vulnerability in Bluetooth Stack Could Allow Remote Code Execution (2566220)
55570,HIGH,MS11-054: Vulnerabilities in Windows Kernel-Mode Drivers Could Allow Elevation of Privilege (2555917)
55572,MEDIUM,MS11-056: Vulnerabilities in Windows Client/Server Run-time Subsystem Could Allow Elevation of Privilege (2507938)
55670,MEDIUM,BlackBerry Enterprise Server Administration API Unspecified Remote Vulnerability (KB27258)
55671,HIGH,Foxit Reader < 5.0.2.0718 Multiple Vulnerabilities
55764,HIGH,QuickTime < 7.7 Multiple Vulnerabilities (Windows)
55787,HIGH,MS11-057: Critical Cumulative Security Update for Internet Explorer (2559049)
55792,HIGH,MS11-062: Vulnerability in Remote Access Service NDISTAPI Driver Could Allow Elevation of Privilege (2566454)
55793,HIGH,MS11-063: Vulnerability in Windows Client/Server Run-time Subsystem Could Allow Elevation of Privilege (2567680)
55794,HIGH,MS11-064: Vulnerabilities in TCP/IP Stack Could Allow Denial of Service (2563894)
55795,HIGH,MS11-065: Vulnerability in Remote Desktop Protocol Could Allow Denial of Service (2570222)
55796,MEDIUM,MS11-066: Vulnerability in Microsoft Chart Control Could Allow Information Disclosure (2567943)
55797,MEDIUM,MS11-067: Vulnerability in Microsoft Report Viewer Could Allow Information Disclosure (2578230)
55798,HIGH,MS11-068: Vulnerability in Windows Kernel Could Allow Denial of Service (2556532)
55799,MEDIUM,MS11-069: Vulnerability in .NET Framework Could Allow Information Disclosure (2567951)
55802,MEDIUM,MS 2562937: Update Rollup for ActiveX Kill Bits (2562937)
55803,HIGH,Flash Player <= 10.3.181.36 Multiple Vulnerabilities (APSB11-21)
55805,HIGH,Adobe AIR < 2.7.1 Multiple Vulnerabilities (APSB11-21)
55819,CRITICAL,BlackBerry Enterprise Server PNG and TIFF Image Processing Vulnerabilities (KB27244)
55833,HIGH,Shockwave Player < 11.6.1.629 Multiple Memory Corruption Vulnerabilities (APSB11-19)
55859,MEDIUM,Apache Tomcat 7.0.0 < 7.0.20
55883,CRITICAL,MS11-058: Vulnerabilities in DNS Server Could Allow Remote Code Execution (2562485) (remote check)
55901,HIGH,Firefox 3.6 < 3.6.20 Multiple Vulnerabilities
55925,CRITICAL,PHP 5.3 < 5.3.7 Multiple Vulnerabilities
55958,CRITICAL,Oracle Java JRE Unsupported Version Detection
55976,HIGH,Apache HTTP Server Byte Range DoS
56070,HIGH,Apache Tomcat 7.0.0 < 7.0.21
56163,MEDIUM,Wireshark 1.4.x < 1.4.9 Multiple Vulnerabilities
56164,MEDIUM,Wireshark 1.6.x < 1.6.2 Multiple Vulnerabilities
56174,HIGH,MS11-071: Vulnerability in Windows Components Could Allow Remote Code Execution (2570947)
56175,HIGH,MS11-072: Vulnerabilities in Microsoft Excel Could Allow Remote Code Execution (2587505)
56176,HIGH,MS11-073: Vulnerabilities in Microsoft Office Could Allow Remote Code Execution (2587634)
56177,MEDIUM,MS11-074: Vulnerabilities in Microsoft SharePoint Could Allow Elevation of Privilege (2451858)
56197,CRITICAL,Adobe Acrobat < 10.1.1 / 9.4.6 / 8.3.1 Multiple Vulnerabilities (APSB11-21, APSB11-24)
56198,HIGH,Adobe Reader < 10.1.1 / 9.4.6 / 8.3.1 Multiple Vulnerabilities (APSB11-21, APSB11-24)
56216,MEDIUM,Apache 2.2.x < 2.2.21 mod_proxy_ajp DoS
56259,HIGH,Flash Player <= 10.3.183.7 Multiple Vulnerabilities (APSB11-26)
56334,HIGH,Firefox 3.6.x < 3.6.23 Multiple Vulnerabilities
56449,HIGH,MS11-075: Vulnerability in Microsoft Active Accessibility Could Allow Remote Code Execution (2623699)
56450,HIGH,MS11-076: Vulnerability in Windows Media Center Could Allow Remote Code Execution (2604926)
56451,HIGH,MS11-077: Vulnerabilities in Windows Kernel-Mode Drivers Could Allow Remote Code Execution (2567053)
56452,HIGH,MS11-078: Vulnerability in .NET Framework and Microsoft Silverlight Could Allow Remote Code Execution (2604930)
56454,HIGH,MS11-080: Vulnerability in Ancillary Function Driver Could Allow Elevation of Privilege (2592799)
56455,HIGH,MS11-081: Critical Cumulative Security Update for Internet Explorer (2586448)
56566,CRITICAL,Oracle Java SE Multiple Vulnerabilities (October 2011 CPU) (BEAST)
56667,HIGH,QuickTime < 7.7.1 Multiple Vulnerabilities (Windows)
56689,MEDIUM,Wireshark 1.4.x < 1.4.10 Multiple Vulnerabilities
56690,MEDIUM,Wireshark 1.6.x < 1.6.3 Multiple Vulnerabilities
56734,HIGH,Shockwave Player <= 11.6.1.629 Multiple Memory Corruption Vulnerabilities (APSB11-27)
56736,CRITICAL,MS11-083: Vulnerability in TCP/IP Could Allow Remote Code Execution (2588516)
56737,HIGH,MS11-084: Vulnerability in Windows Kernel-Mode Drivers Could Allow Denial of Service (2617657)
56738,HIGH,MS11-085: Vulnerability in Windows Mail and Windows Meeting Space Could Allow Remote Code Execution (2620704)
56750,HIGH,Firefox 3.6.x < 3.6.24 Multiple Vulnerabilities
56824,HIGH,MS KB2506014: Update for the Windows Operating System Loader
56874,HIGH,Flash Player <= 10.3.183.10 / 11.0.1.152 Multiple Vulnerabilities (APSB11-28)
56959,CRITICAL,Adobe AIR <= 3.0 Multiple Vulnerabilities (APSB11-28)
56996,MEDIUM,OpenSSL 0.9.8f < 0.9.8h Multiple Vulnerabilities
57042,CRITICAL,Adobe Acrobat < 9.4.7 Multiple Memory Corruption Vulnerabilities (APSB11-30)
57043,CRITICAL,Adobe Reader < 9.4.7 Multiple Memory Corruption Vulnerabilities (APSB11-30)
57050,HIGH,Foxit Reader < 5.1.3.1201 Memory Corruption RCE
57082,MEDIUM,Apache Tomcat 7.0.0 < 7.0.22 multiple vulnerabilities
57273,HIGH,MS11-087: Vulnerability in Windows Kernel-Mode Drivers Could Allow Remote Code Execution (2639417)
57275,HIGH,MS11-089: Vulnerability in Microsoft Office Could Allow Remote Code Execution (2590602)
57276,HIGH,MS11-090: Cumulative Security Update of ActiveX Kill Bits (2618451)
57277,HIGH,MS11-091: Vulnerabilities in Microsoft Publisher Could Allow Remote Code Execution (2607702)
57278,HIGH,MS11-092: Vulnerability in Windows Media Could Allow Remote Code Execution (2648048)
57279,HIGH,MS11-093: Vulnerability in OLE Could Allow Remote Code Execution (2624667)
57280,HIGH,MS11-094: Vulnerabilities in Microsoft PowerPoint Could Allow Remote Code Execution (2639142)
57282,HIGH,MS11-096: Vulnerability in Microsoft Excel Could Allow Remote Code Execution (2640241)
57283,HIGH,MS11-097: Vulnerability in Windows Client/Server Run-time Subsystem Could Allow Elevation of Privilege (2620712)
57284,HIGH,MS11-098: Vulnerability in Windows Kernel Could Allow Elevation of Privilege (2633171)
57285,HIGH,MS11-099: Cumulative Security Update for Internet Explorer (2618444)
57290,CRITICAL,Oracle Java JDK / JRE 6 < Update 30 Multiple Vulnerabilities
57414,HIGH,MS11-100: Vulnerabilities in .NET Framework Could Allow Elevation of Privilege (2638420)
57459,HIGH,OpenSSL 0.9.8 < 0.9.8s Multiple Vulnerabilities
57469,HIGH,MS12-001: Vulnerability in Windows Kernel Could Allow Security Feature Bypass (2644615)
57470,HIGH,MS12-002: Vulnerability in Windows Object Packager Could Allow Remote Code Execution (2603381)
57471,MEDIUM,MS12-003: Vulnerability in Windows Client/Server Run-time Subsystem Could Allow Elevation of Privilege (2646524)
57472,HIGH,MS12-004: Vulnerabilities in Windows Media Could Allow Remote Code Execution (2636391)
57473,HIGH,MS12-005: Vulnerability in Microsoft Windows Could Allow Remote Code Execution (2584146)
57474,MEDIUM,MS12-006: Vulnerability in SSL/TLS Could Allow Information Disclosure (2643584)
57483,CRITICAL,Adobe Acrobat < 10.1.2 / 9.5 Multiple Vulnerabilities (APSB12-01)
57484,CRITICAL,Adobe Reader < 10.1.2 / 9.5 Multiple Vulnerabilities (APSB12-01)
57537,HIGH,PHP < 5.3.9 Multiple Vulnerabilities
57538,HIGH,Wireshark 1.4.x < 1.4.11 Multiple Vulnerabilities
57539,HIGH,Wireshark 1.6.x < 1.6.5 Multiple Vulnerabilities
57541,MEDIUM,Apache Tomcat 7.0.0 < 7.0.23
57603,CRITICAL,Apache 2.2.x < 2.2.13 APR apr_palloc Heap Overflow
57768,HIGH,Firefox < 10.0 Multiple Vulnerabilities
57769,HIGH,Firefox 3.6.x < 3.6.26 Multiple Vulnerabilities
57791,MEDIUM,Apache 2.2.x < 2.2.22 Multiple Vulnerabilities
57792,MEDIUM,Apache HTTP Server httpOnly Cookie Information Disclosure
57941,HIGH,Shockwave Player <= 11.6.3.633 Multiple Code Execution Vulnerabilities (APSB12-02)
57942,HIGH,MS12-008: Vulnerabilities in Windows Kernel-Mode Drivers Could Allow Remote Code Execution (2660465)
57943,HIGH,MS12-009: Vulnerabilities in Ancillary Function Driver Could Allow Elevation of Privilege (2645640)
57944,HIGH,MS12-010: Cumulative Security Update for Internet Explorer (2647516)
57946,HIGH,MS12-012: Vulnerability in Color Control Panel Could Allow Remote Code Execution (2643719)
57947,HIGH,MS12-013: Vulnerability in C Run-Time Library Could Allow Remote Code Execution (2654428)
57948,HIGH,MS12-014: Vulnerability in Indeo Codec Could Allow Remote Code Execution (2661637)
57949,HIGH,MS12-015: Vulnerabilities in Microsoft Visio Viewer 2010 Could Allow Remote Code Execution (2663510)
57950,HIGH,MS12-016: Vulnerabilities in .NET Framework and Microsoft Silverlight Could Allow Remote Code Execution (2651026)
57959,CRITICAL,Oracle Java SE Multiple Vulnerabilities (February 2012 CPU)
58001,CRITICAL,Flash Player <= 10.3.183.14 / 11.1.102.55 Multiple Vulnerabilities (APSB12-03)
58006,HIGH,Firefox 3.6.x < 3.6.27 'png_decompress_chunk' Integer Overflow
58183,HIGH,Dropbear SSH Server Channel Concurrency Use-after-free Remote Code Execution
58207,HIGH,Flash Player <= 10.3.183.15 / 11.1.102.62 Multiple Vulnerabilities (APSB12-05)
58330,MEDIUM,MS12-018: Vulnerability in Windows Kernel-Mode Drivers Could Allow Elevation of Privilege (2641653)
58331,MEDIUM,MS12-019: Vulnerability in DirectWrite Could Allow Denial of Service (2665364)
58332,HIGH,MS12-020: Vulnerabilities in Remote Desktop Could Allow Remote Code Execution (2671387)
58333,MEDIUM,MS12-021: Vulnerability in Visual Studio Could Allow Elevation of Privilege (2651019)
58335,MEDIUM,MS 2647518: Update Rollup for ActiveX Kill Bits (2647518)
58349,HIGH,Firefox 3.6.x < 3.6.28 Multiple Vulnerabilities
58435,HIGH,MS12-020: Vulnerabilities in Remote Desktop Could Allow Remote Code Execution (2671387) (uncredentialed check)
58517,MEDIUM,Wireshark 1.4.x < 1.4.12 Multiple Denial of Service Vulnerabilities
58518,MEDIUM,Wireshark 1.6.x < 1.6.6 Multiple Denial of Service Vulnerabilities
58537,HIGH,Adobe AIR 3.x <= 3.1.0.4880 Multiple Memory Corruption Vulnerabilities (APSB12-07)
58538,HIGH,Flash Player <= 10.3.183.16 / 11.1.102.63 Multiple Memory Corruption Vulnerabilities (APSB12-07)
58564,MEDIUM,OpenSSL 0.9.8 < 0.9.8u Vulnerability
58568,HIGH,Cisco IOS Software Multicast Source Discovery Protocol DoS (cisco-sa-20120328-msdp)
58570,HIGH,Cisco IOS Software Command Security Bypass (cisco-sa-20120328-pai)
58572,HIGH,Cisco IOS Software Smart Install Denial of Service Vulnerability (cisco-sa-20120328-smartinstall)
58655,HIGH,MS12-023: Cumulative Security Update for Internet Explorer (2675157)
58656,HIGH,MS12-024: Vulnerability in Windows Could Allow Remote Code Execution (2653956)
58657,HIGH,MS12-025: Vulnerability in .NET Framework Could Allow Remote Code Execution (2671605)
58659,HIGH,MS12-027: Vulnerability in Windows Common Controls Could Allow Remote Code Execution (2664258)
58682,CRITICAL,Adobe Acrobat < 10.1.3 / 9.5.1 Multiple Vulnerabilities (APSB12-08)
58683,HIGH,Adobe Reader < 10.1.3 / 9.5.1 Multiple Vulnerabilities (APSB12-08)
58727,HIGH,OpenOffice XML External Entity RDF Document Handling Information Disclosure
58799,HIGH,OpenSSL 0.9.8 < 0.9.8v Vulnerability
58898,HIGH,Firefox < 12.0 Multiple Vulnerabilities
58966,MEDIUM,PHP < 5.3.11 Multiple Vulnerabilities
58988,HIGH,PHP < 5.3.12 / 5.4.2 CGI Query String Code Execution
58994,HIGH,Flash Player <= 10.3.183.18 / 11.2.202.233 Object Confusion Vulnerability (APSB12-09)
59037,HIGH,MS12-029: Vulnerability in Microsoft Word Could Allow Remote Code Execution (2680352)
59038,HIGH,MS12-030: Vulnerabilities in Microsoft Office Could Allow Remote Code Execution (2663830)
59039,HIGH,MS12-031: Vulnerability in Microsoft Visio Viewer 2010 Could Allow Remote Code Execution (2597981)
59040,MEDIUM,MS12-032: Vulnerability in TCP/IP Could Allow Elevation of Privilege (2688338)
59041,MEDIUM,MS12-033: Vulnerability in Windows Partition Manager Could Allow Elevation of Privilege (2690533)
59042,HIGH,MS12-034: Combined Security Update for Microsoft Office, Windows, .NET Framework, and Silverlight (2681578)
59043,HIGH,MS12-035: Vulnerabilities in .NET Framework Could Allow Remote Code Execution (2693777)
59044,HIGH,MS 2695962: Update Rollup for ActiveX Kill Bits (2695962)
59047,HIGH,Shockwave Player <= 11.6.4.634 Multiple Memory Corruption Vulnerabilities (APSB12-13)
59056,HIGH,PHP 5.3.x < 5.3.13 CGI Query String Code Execution
59076,MEDIUM,OpenSSL 0.9.8 < 0.9.8x Vulnerability
59113,HIGH,QuickTime < 7.7.2 Multiple Vulnerabilities (Windows)
59191,HIGH,Apache OpenOffice < 3.4.0 Multiple Memory Corruption Vulnerabilities
59239,LOW,Wireshark 1.4.x < 1.4.13 Multiple Denial of Service Vulnerabilities
59240,LOW,Wireshark 1.6.x < 1.6.8 Multiple Denial of Service Vulnerabilities
59243,HIGH,Core FTP Filename Processing Boundary Error FTP List Command Response Parsing Remote Overflow
59407,HIGH,Firefox < 13.0 Multiple Vulnerabilities
59425,HIGH,Adobe AIR 3.x <= 3.2.0.2070 Multiple Vulnerabilities (APSB12-14)
59426,HIGH,Flash Player <= 10.3.183.19 / 11.3.300.256 Multiple Vulnerabilities (APSB12-14)
59447,HIGH,VMSA-2012-0009 : ESXi and ESX patches address critical security issues (uncredentialed check)
59454,HIGH,MS12-036: Vulnerability in Remote Desktop Could Allow Remote Code Execution (2685939)
59455,HIGH,MS12-037: Cumulative Security Update for Internet Explorer (2699988)
59456,HIGH,MS12-038: Vulnerability in .NET Framework Could Allow Remote Code Execution (2706726)
59459,HIGH,MS12-041: Vulnerabilities in Windows Kernel-Mode Drivers Could Allow Elevation of Privilege (2709162)
59460,HIGH,MS12-042: Vulnerabilities in Windows Kernel Could Allow Elevation of Privilege (2711167)
59462,CRITICAL,Oracle Java SE Multiple Vulnerabilities (June 2012 CPU)
59529,HIGH,PHP 5.3.x < 5.3.14 Multiple Vulnerabilities
59820,HIGH,Cisco AnyConnect Secure Mobility Client VPN Downloader RCE (cisco-sa-20120620-ac)
59906,HIGH,MS12-043: Vulnerability in Microsoft XML Core Services Could Allow Remote Code Execution (2722479)
59907,HIGH,MS12-044: Cumulative Security Update for Internet Explorer (2719177)
59908,HIGH,MS12-045: Vulnerability in Microsoft Data Access Components Could Allow Remote Code Execution (2698365)
59909,MEDIUM,MS12-046: Vulnerability in Visual Basic for Applications Could Allow Remote Code Execution (2707960)
59910,HIGH,MS12-047: Vulnerabilities in Windows Kernel-Mode Drivers Could Allow Elevation of Privilege (2718523)
59911,HIGH,MS12-048: Vulnerability in Windows Shell Could Allow Remote Code Execution (2691442)
59912,MEDIUM,MS12-049: Vulnerability in TLS Could Allow Information Disclosure (2655992)
59915,HIGH,MS KB2719662: Vulnerabilities in Gadgets Could Allow Remote Code Execution
60043,CRITICAL,Firefox < 14.0 Multiple Vulnerabilities
60085,CRITICAL,PHP 5.3.x < 5.3.15 Multiple Vulnerabilities
60116,LOW,Wireshark 1.4.x < 1.4.14 Multiple Denial of Service Vulnerabilities
60117,LOW,Wireshark 1.6.x < 1.6.9 Multiple Denial of Service Vulnerabilities
61527,HIGH,MS12-052: Cumulative Security Update for Internet Explorer (2722913)
61528,HIGH,MS12-053: Vulnerability in Remote Desktop Could Allow Remote Code Execution (2723135)
61529,CRITICAL,MS12-054: Vulnerabilities in Windows Networking Components Could Allow Remote Code Execution (2733594)
61530,HIGH,MS12-055: Vulnerability in Windows Kernel-Mode Drivers Could Allow Elevation of Privilege (2731847)
61531,HIGH,MS12-056: Vulnerability in JScript and VBScript Scripting Engines Could Allow Remote Code Execution (2706045)
61532,HIGH,MS12-057: Vulnerabilities in Microsoft Office Could Allow Remote Code Execution (2731879)
61534,HIGH,MS12-059: Buffer Overflow in Microsoft Visio and Visio Viewer Could Allow Remote Code Execution (2733918)
61535,HIGH,MS12-060: Vulnerability in Windows Common Controls Could Allow Remote Code Execution (2720573)
61536,CRITICAL,Shockwave Player <= 11.6.5.635 Multiple Memory Corruption Vulnerabilities (APSB12-17)
61550,HIGH,Flash Player <= 11.3.300.270 Code Execution (APSB12-18)
61561,CRITICAL,Adobe Acrobat < 10.1.4 / 9.5.2 Multiple Vulnerabilities (APSB12-16)
61562,CRITICAL,Adobe Reader < 10.1.4 / 9.5.2 Multiple Vulnerabilities (APSB12-16)
61571,LOW,Wireshark 1.4.x < 1.4.15 Multiple Vulnerabilities
61572,HIGH,Wireshark 1.6.x < 1.6.10 Multiple Vulnerabilities
61622,CRITICAL,Flash Player <= 10.3.183.22 / 11.4.402.264 Multiple Vulnerabilities (APSB12-19)
61624,CRITICAL,Adobe AIR 3.x <= 3.3.0.3670 Multiple Vulnerabilities (APSB12-19)
61681,MEDIUM,Oracle Java SE 7 < Update 7 Multiple Vulnerabilities
61715,CRITICAL,Firefox < 15.0 Multiple Vulnerabilities
61731,HIGH,Apache OpenOffice < 3.4.1 Multiple Heap-Based Buffer Overflows
61746,CRITICAL,Oracle Java JDK / JRE 6 < Update 35 SunToolKit getField() and getMethod() Access Issue
62045,HIGH,MS 2736233: Update Rollup for ActiveX Kill Bits (2736233)
62063,HIGH,Foxit Reader < 5.3 Cross-References RCE
62064,MEDIUM,Foxit Reader < 5.4 Trojan DLL Injection
62101,MEDIUM,Apache 2.2.x < 2.2.23 Multiple Vulnerabilities
62223,HIGH,MS12-063: Cumulative Security Update for Internet Explorer (2744842)
62372,HIGH,Cisco IOS Software DHCP Denial of Service Vulnerability (cisco-sa-20120926-dhcp)
62373,HIGH,Cisco IOS Software DHCP Version 6 Server Denial of Service Vulnerability (cisco-sa-20120926-dhcpv6)
62384,MEDIUM,Foxit Reader < 5.4.3 Trojan DLL Injection
62459,HIGH,MS12-064: Vulnerabilities in Microsoft Word Could Allow Remote Code Execution (2742319)
62461,MEDIUM,MS12-066: Vulnerability in HTML Sanitization Component Could Allow Elevation of Privilege (2741517)
62463,HIGH,MS12-068: Vulnerability in Windows Kernel Could Allow Elevation of Privilege (2724197)
62464,MEDIUM,MS12-069: Vulnerability in Kerberos Could Allow Denial of Service (2743555)
62465,MEDIUM,MS12-070: Vulnerability in SQL Server Could Allow Elevation of Privilege (2754849)
62466,MEDIUM,MS KB2661254: Update For Minimum Certificate Key Length
62477,MEDIUM,Wireshark 1.6.x < 1.6.11 DRDA DoS
62479,CRITICAL,Adobe AIR 3.x <= 3.4.0.2540 Multiple Vulnerabilities (APSB12-22)
62480,CRITICAL,Flash Player <= 10.3.183.23 / 11.4.402.278 Multiple Vulnerabilities (APSB12-22)
62580,CRITICAL,Firefox < 16.0 Multiple Vulnerabilities
62589,CRITICAL,Firefox < 16.0.1 Multiple Vulnerabilities
62593,CRITICAL,Oracle Java SE Multiple Vulnerabilities (October 2012 CPU)
62701,HIGH,IBM DB2 9.7 < Fix Pack 7 Multiple Vulnerabilities
62702,CRITICAL,Shockwave Player <= 11.6.7.637 Multiple Vulnerabilities (APSB12-23)
62835,CRITICAL,Adobe AIR 3.x <= 3.4.0.2710 Multiple Vulnerabilities (APSB12-24)
62836,CRITICAL,Flash Player <= 10.3.183.29 / 11.4.402.287 Multiple Vulnerabilities (APSB12-24)
62890,HIGH,QuickTime < 7.7.3 Multiple Vulnerabilities (Windows)
62903,HIGH,MS12-071: Cumulative Security Update for Internet Explorer (2761451)
62904,HIGH,MS12-072: Vulnerabilities in Windows Shell Could Allow Remote Code Execution (2727528)
62905,MEDIUM,MS12-073: Vulnerabilities in Microsoft Internet Information Services (IIS) Could Allow Information Disclosure (2733829)
62906,HIGH,MS12-074: Vulnerabilities in .NET Framework Could Allow Remote Code Execution (2745030)
62907,CRITICAL,MS12-075: Vulnerability in Windows Kernel-Mode Drivers Could Allow Remote Code Execution (2761226)
62908,HIGH,MS12-076: Vulnerabilities in Microsoft Office Could Allow Remote Code Execution (2720184)
62940,MEDIUM,MS12-073: Vulnerabilities in Microsoft IIS Could Allow Information Disclosure (2733829) (uncredentialed check)
62985,MEDIUM,Apache Tomcat 7.0.0 < 7.0.28 multiple vulnerabilities
62988,MEDIUM,Apache Tomcat 7.0.0 < 7.0.30 multiple vulnerabilities
62998,CRITICAL,Firefox < 17.0 Multiple Vulnerabilities
63095,MEDIUM,Wireshark 1.6.x < 1.6.12 Multiple Vulnerabilities
63200,MEDIUM,Apache Tomcat 7.0.0 < 7.0.32
63224,HIGH,MS12-077: Cumulative Security Update for Internet Explorer (2761465)
63225,CRITICAL,MS12-078: Vulnerability in Windows Kernel-Mode Drivers Could Allow Remote Code Execution (2783534)
63226,HIGH,MS12-079: Vulnerability in Microsoft Word Could Allow Remote Code Execution (2780642)
63228,HIGH,MS12-081: Vulnerability in Windows File Handling Component Could Allow Remote Code Execution (2758857)
63229,HIGH,MS12-082: Vulnerability in DirectPlay Could Allow Remote Code Execution (2770660)
63230,MEDIUM,MS12-083: Vulnerability in IP-HTTPS Component Could Allow Security Feature Bypass (2765809)
63241,CRITICAL,Adobe AIR 3.x <= 3.5.0.600 Multiple Vulnerabilities (APSB12-27)
63242,CRITICAL,Flash Player <= 10.3.183.43 / 11.5.502.110 Multiple Vulnerabilities (APSB12-27)
63419,CRITICAL,MS13-001: Vulnerabilities in Windows Print Spooler Components Could Allow Remote Code Execution (2769369)
63420,HIGH,MS13-002: Vulnerabilities in Microsoft XML Core Services Could Allow Remote Code Execution (2756145)
63422,HIGH,MS13-004: Vulnerabilities in .NET Framework Could Allow Elevation of Privilege (2769324)
63423,HIGH,MS13-005: Vulnerability in Windows Kernel-Mode Driver Could Allow Elevation of Privilege (2778930)
63424,MEDIUM,MS13-006: Vulnerability in Microsoft Windows Could Allow Security Feature Bypass (2785220)
63425,HIGH,MS13-007: Vulnerability in Open Data Protocol Could Allow Denial of Service (2769327)
63449,CRITICAL,Adobe AIR 3.x <= 3.5.0.880 Buffer Overflow (APSB13-01)
63450,CRITICAL,Flash Player <= 10.3.183.48 / 11.5.502.135 Buffer Overflow (APSB13-01)
63453,CRITICAL,Adobe Acrobat < 11.0.1 / 10.1.5 / 9.5.3 Multiple Vulnerabilities (APSB13-02)
63454,CRITICAL,Adobe Reader < 11.0.1 / 10.1.5 / 9.5.3 Multiple Vulnerabilities (APSB13-02)
63521,CRITICAL,Oracle Java SE 7 < Update 11 Multiple Vulnerabilities
63522,HIGH,MS13-008: Security Update for Internet Explorer (2799329)
63551,CRITICAL,Firefox < 18.0 Multiple Vulnerabilities
63643,MEDIUM,MS13-006: Vulnerability in Microsoft Windows Could Allow Security Feature Bypass (2785220) (uncredentialed check)
64361,LOW,Wireshark 1.6.x < 1.6.13 Multiple Vulnerabilities
64454,CRITICAL,Oracle Java SE Multiple Vulnerabilities (February 2013 CPU)
64506,HIGH,Flash Player <= 10.3.183.50 / 11.5.502.146 Multiple Vulnerabilities (APSB13-04)
64532,LOW,OpenSSL 0.9.8 < 0.9.8y Multiple Vulnerabilities
64570,HIGH,MS13-009: Security Update for Internet Explorer (2792100)
64571,HIGH,MS13-010: Vulnerability in Vector Markup Language Could Allow Remote Code Execution (2797052)
64572,HIGH,MS13-011: Vulnerability in Media Decompression Could Allow Remote Code Execution (2780091)
64576,CRITICAL,MS13-015: Vulnerability in .NET Framework Could Allow Elevation of Privilege (2800277)
64577,MEDIUM,MS13-016: Vulnerabilities in Windows Kernel-Mode Driver Could Allow Elevation of Privilege (2778344)
64578,HIGH,MS13-017: Vulnerabilities in Windows Kernel Could Allow Elevation of Privilege (2799494)
64579,HIGH,MS13-018: Vulnerability in TCP/IP Could Allow Denial of Service (2790655)
64580,HIGH,MS13-019: Vulnerability in Windows Client/Server Run-time Subsystem (CSRSS) Could Allow Elevation of Privilege (2790113)
64581,HIGH,MS13-020: Vulnerability in OLE Automation Could Allow Remote Code Execution (2802968)
64583,CRITICAL,Adobe AIR 3.x <= 3.5.0.1060 Buffer Overflow (APSB13-05)
64584,CRITICAL,Flash Player <= 10.3.183.51 / 11.5.502.149 Multiple Vulnerabilities (APSB13-05)
64621,CRITICAL,Shockwave Player <= 11.6.8.638 Multiple Vulnerabilities (APSB13-06)
64689,CRITICAL,Adobe ColdFusion Authentication Bypass (APSB13-03)
64723,CRITICAL,Firefox < 19.0 Multiple Vulnerabilities
64785,HIGH,Adobe Acrobat < 11.0.2 / 10.1.6 / 9.5.4 Multiple Vulnerabilities (APSB13-07)
64786,HIGH,Adobe Reader < 11.0.2 / 10.1.6 / 9.5.4 Multiple Vulnerabilities (APSB13-07)
64790,CRITICAL,Oracle Java SE Multiple Vulnerabilities (February 2013 CPU Update 1)
64912,MEDIUM,Apache 2.2.x < 2.2.24 Multiple XSS Vulnerabilities
64916,CRITICAL,Flash Player <= 10.3.183.63 / 11.6.602.168 Multiple Vulnerabilities (APSB13-08)
64992,HIGH,PHP 5.3.x < 5.3.22 Multiple Vulnerabilities
65048,CRITICAL,Oracle Java JDK / JRE 5 < Update 41 Remote Code Execution (Windows)
65050,CRITICAL,Oracle Java JDK / JRE 6 < Update 43 Remote Code Execution (Windows)
65052,CRITICAL,Oracle Java JDK / JRE 7 < Update 17 Remote Code Execution (Windows)
65131,HIGH,Firefox < 19.0.2 nsHTMLEditor Use-After-Free
65210,HIGH,MS13-021: Security Update for Internet Explorer (2809289)
65212,HIGH,MS13-023: Vulnerability in Microsoft Visio Viewer 2010 Could Allow Remote Code Execution (2801261)
65214,MEDIUM,MS13-025: Vulnerability in Microsoft OneNote Could Allow Information Disclosure (2816264)
65215,HIGH,MS13-027: Vulnerabilities in Kernel-Mode Drivers Could Allow Elevation Of Privilege (2807986)
65218,CRITICAL,Adobe AIR 3.x <= 3.6.0.597 Buffer Overflow (APSB13-09)
65219,CRITICAL,Flash Player <= 10.3.183.67 / 11.6.602.171 Multiple Vulnerabilities (APSB13-09)
65253,MEDIUM,Wireshark 1.6.x < 1.6.14 Multiple Vulnerabilities
65254,HIGH,Wireshark 1.8.x < 1.8.6 Multiple Vulnerabilities
65789,MEDIUM,Core FTP < 2.2 build 1769 Multiple Buffer Overflows
65806,CRITICAL,Firefox < 20 Multiple Vulnerabilities
65875,HIGH,MS13-028: Security Update for Internet Explorer (2817183)
65876,HIGH,MS13-029: Vulnerability in Remote Desktop Client Could Allow Remote Code Execution (2828223)
65878,MEDIUM,MS13-031: Vulnerabilities in Windows Kernel Could Allow Elevation of Privilege (2813170)
65879,MEDIUM,MS13-032: Vulnerability in Active Directory Could Lead to Denial of Service (2830914)
65880,HIGH,MS13-033: Vulnerability in Windows Client/Server Run-time Subsystem Could Allow Elevation of Privilege (2820917)
65883,MEDIUM,MS13-036: Vulnerabilities in Windows Kernel-Mode Driver Could Allow Elevation of Privilege (2829996)
65891,HIGH,Cisco IOS Software Smart Install Denial of Service Vulnerability (cisco-sa-20130327-smartinstall)
65909,CRITICAL,Adobe AIR 3.x <= 3.6.0.6090 Multiple Vulnerabilities (APSB13-11)
65910,CRITICAL,Flash Player <= 10.3.183.68 / 11.6.602.180 Multiple Vulnerabilities (APSB13-11)
65913,CRITICAL,Shockwave Player <= 12.0.0.112 Multiple Vulnerabilities (APSB13-12)
65995,CRITICAL,Oracle Java SE Multiple Vulnerabilities (April 2013 CPU)
66409,CRITICAL,Adobe Acrobat < 11.0.3 / 10.1.7 / 9.5.5 Multiple Vulnerabilities (APSB13-15)
66410,CRITICAL,Adobe Reader < 11.0.3 / 10.1.7 / 9.5.5 Multiple Vulnerabilities (APSB13-15)
66412,HIGH,MS13-037: Cumulative Security Update for Internet Explorer (2829530)
66413,HIGH,MS13-038: Security Update for Internet Explorer (2847204)
66415,HIGH,MS13-040: Vulnerabilities in .NET Framework Could Allow Spoofing (2836440)
66417,CRITICAL,MS13-042: Vulnerabilities in Microsoft Publisher Could Allow Remote Code Execution (2830397)
66418,HIGH,MS13-043: Vulnerability in Microsoft Word Could Allow Remote Code Execution (2830399)
66421,MEDIUM,MS13-045: Vulnerability in Windows Essentials Could Allow Information Disclosure (2813707)
66422,HIGH,MS13-046: Vulnerabilities in Windows Kernel-Mode Driver Could Allow Elevation of Privilege (2840221)
66423,MEDIUM,MS KB2820197: Update Rollup for ActiveX Kill Bits
66425,HIGH,MS Security Advisory 2846338: Vulnerability in Microsoft Malware Protection Engine Could Allow Remote Code Execution
66427,MEDIUM,Apache Tomcat 7.0.0 < 7.0.33
66428,MEDIUM,Apache Tomcat 7.0.0 < 7.0.40 multiple vulnerabilities
66444,CRITICAL,Adobe AIR <= 3.7.0.1530 Multiple Vulnerabilities (APSB13-14)
66445,CRITICAL,Flash Player <= 10.3.183.75 / 11.7.700.169 Multiple Vulnerabilities (APSB13-14)
66480,CRITICAL,Firefox < 21.0 Multiple Vulnerabilities
66543,MEDIUM,Wireshark 1.6.x < 1.6.15 ASN.1 BER Dissector Malformed Packet Handling DoS
66544,HIGH,Wireshark 1.8.x < 1.8.7 Multiple Vulnerabilities
66584,HIGH,PHP 5.3.x < 5.3.23 Multiple Vulnerabilities
66585,HIGH,PHP 5.4.x < 5.4.13 Information Disclosure
66636,HIGH,QuickTime < 7.7.4 Multiple Vulnerabilities (Windows)
66842,MEDIUM,PHP 5.3.x < 5.3.26 Multiple Vulnerabilities
66843,MEDIUM,PHP 5.4.x < 5.4.16 Multiple Vulnerabilities
66863,HIGH,MS13-047: Cumulative Security Update for Internet Explorer (2838727)
66864,MEDIUM,MS13-048: Vulnerability in Windows Kernel Could Allow Information Disclosure (2839229)
66865,HIGH,MS13-049: Vulnerability in Kernel-Mode Driver Could Allow Denial of Service (2845690)
66866,HIGH,MS13-050: Vulnerability in Windows Print Spooler Components Could Allow Elevation of Privilege (2839894)
66871,CRITICAL,Adobe AIR <= 3.7.0.1860 Memory Corruption (APSB13-16)
66872,CRITICAL,Flash Player <= 10.3.183.86 / 11.7.700.202 Memory Corruption (APSB13-16)
66894,MEDIUM,Wireshark 1.6.x < 1.6.16 Multiple DoS Vulnerabilities
66895,MEDIUM,Wireshark 1.8.x < 1.8.8 Multiple Vulnerabilities
66932,CRITICAL,Oracle Java SE Multiple Vulnerabilities (June 2013 CPU)
66993,CRITICAL,Firefox < 22.0 Multiple Vulnerabilities
67209,HIGH,MS13-052: Vulnerabilities in .NET Framework and Silverlight Could Allow Remote Code Execution (2861561)
67210,HIGH,MS13-053: Vulnerabilities in Windows Kernel-Mode Driver Could Allow Remote Code Execution (2850851)
67211,HIGH,MS13-054: Vulnerability in GDI+ Could Allow Remote Code Execution (2848295)
67212,HIGH,MS13-055: Cumulative Security Update for Internet Explorer (2846071)
67213,HIGH,MS13-056: Vulnerability in Microsoft DirectShow Could Allow Remote Code Execution (2845187)
67214,HIGH,MS13-057: Vulnerability in Windows Media Format Runtime Could Allow Remote Code Execution (2847883)
67215,MEDIUM,MS13-058: Vulnerability in Windows Defender Could Allow Elevation of Privilege (2847927)
67225,CRITICAL,Flash Player <= 10.3.183.90 / 11.7.700.224 Multiple Vulnerabilities (APSB13-17)
67233,CRITICAL,Shockwave Player <= 12.0.2.122 Memory Corruption (APSB13-18)
67259,MEDIUM,PHP 5.3.x < 5.3.27 Multiple Vulnerabilities
67260,HIGH,PHP 5.4.x < 5.4.17 Buffer Overflow
68914,MEDIUM,Apache 2.0.x < 2.0.65 Multiple Vulnerabilities
68915,MEDIUM,Apache 2.2.x < 2.2.25 Multiple Vulnerabilities
69014,HIGH,Apache 2.4.x < 2.4.5 Multiple Vulnerabilities
69104,HIGH,Wireshark 1.8.x < 1.8.9 Multiple Vulnerabilities
69185,MEDIUM,Apache OpenOffice < 4.0 Multiple Memory Corruption Vulnerabilities
69269,CRITICAL,Firefox < 23.0 Multiple Vulnerabilities
69324,HIGH,MS13-059: Cumulative Security Update for Internet Explorer (2862772)
69325,HIGH,MS13-060: Vulnerability in Unicode Scripts Processor Could Allow Remote Code Execution (2850869)
69327,CRITICAL,MS13-062: Vulnerability in Remote Procedure Call Could Allow Elevation of Privilege (2849470)
69328,HIGH,MS13-063: Vulnerabilities in Windows Kernel Could Allow Elevation of Privilege (2859537)
69330,HIGH,MS13-065: Vulnerability in ICMPv6 Could Allow Denial of Service (2868623)
69334,MEDIUM,MS KB2862973: Update for Deprecation of MD5 Hashing Algorithm for Microsoft Root Certificate Program
69401,MEDIUM,PHP 5.4.x < 5.4.19 Multiple Vulnerabilities
69476,MEDIUM,FileZilla Client < 3.7.2 SFTP Integer Overflow
69494,MEDIUM,FileZilla Client < 3.7.3 Multiple Vulnerabilities
69828,HIGH,MS13-068: Vulnerability in Microsoft Outlook Could Allow Remote Code Execution (2756473)
69829,HIGH,MS13-069: Cumulative Security Update for Internet Explorer (2870699)
69830,HIGH,MS13-070: Vulnerability in OLE Could Allow Remote Code Execution (2876217)
69831,HIGH,MS13-071: Vulnerability in Windows Theme File Could Allow Remote Code Execution (2864063)
69832,HIGH,MS13-072: Vulnerabilities in Microsoft Office Could Allow Remote Code Execution (2845537)
69833,HIGH,MS13-073: Vulnerabilities in Microsoft Excel Could Allow Remote Code Execution (2858300))
69834,HIGH,MS13-074: Vulnerabilities in Microsoft Access Could Allow Remote Code Execution (2848637)
69835,HIGH,MS13-076: Vulnerabilities in Kernel-Mode Drivers Could Allow Elevation of Privilege (2876315)
69836,MEDIUM,MS13-077: Vulnerability in Windows Service Control Manager Could Allow Elevation of Privilege (2872339)
69838,MEDIUM,MS13-079: Vulnerability in Active Directory Could Allow Denial of Service (2853587)
69844,CRITICAL,Shockwave Player <= 12.0.3.133 Memory Corruption Vulnerabilities (APSB13-23)
69845,CRITICAL,Adobe Acrobat < 11.0.4 / 10.1.8 Multiple Vulnerabilities (APSB13-22)
69846,CRITICAL,Adobe Reader < 11.0.4 / 10.1.8 Multiple Vulnerabilities (APSB13-22)
69865,CRITICAL,Adobe AIR <= 3.8.0.870 Memory Corruptions (APSB13-21)
69866,CRITICAL,Flash Player <= 11.7.700.232 / 11.8.800.94 Memory Corruptions (APSB13-21)
69880,MEDIUM,Wireshark 1.8.x < 1.8.10 Multiple DoS
69993,CRITICAL,Firefox < 24.0 Multiple Vulnerabilities
70214,CRITICAL,Adobe AIR <= 3.7.0.2090 Multiple Vulnerabilities (APSB13-17)
70316,HIGH,Cisco IOS Software DHCP Denial of Service Vulnerability (cisco-sa-20130925-dhcp)
70322,HIGH,Cisco IOS Software Multicast Network Time Protocol Denial of Service Vulnerability (cisco-sa-20130925-ntp)
70332,HIGH,MS13-080: Cumulative Security Update for Internet Explorer (2879017)
70333,HIGH,MS13-081: Vulnerabilities in Windows Kernel-Mode Drivers Could Allow Remote Code Execution (2870008)
70334,HIGH,MS13-082: Vulnerabilities in .NET Framework Could Allow Remote Code Execution (2878890)
70335,CRITICAL,MS13-083: Vulnerability in Windows Common Control Library Could Allow Remote Code Execution (2864058)
70337,HIGH,MS13-085: Vulnerabilities in Microsoft Excel Could Allow Remote Code Execution (2885080)
70338,HIGH,MS13-086: Vulnerabilities in Microsoft Word Could Allow Remote Code Execution (2885084)
70339,MEDIUM,MS13-087: Vulnerability in Silverlight Could Allow Information Disclosure (2890788)
70343,HIGH,Adobe Reader 11.0.4 Crafted PDF File Handling JavaScript Scheme URI Execution (APSB13-25)
70395,LOW,MS KB2532445: AppLocker Rules Bypass
70414,CRITICAL,Apache Tomcat / JBoss EJBInvokerServlet / JMXInvokerServlet Multiple Vulnerabilities
70472,CRITICAL,Oracle Java SE Multiple Vulnerabilities (October 2013 CPU)
70545,MEDIUM,Dropbear SSH Server < 2013.59 Multiple Vulnerabilities
70656,HIGH,Core FTP < 2.2 build 1785 CWD Command Buffer Overflow
70716,CRITICAL,Firefox < 25.0 Multiple Vulnerabilities
70763,MEDIUM,Wireshark 1.8.x < 1.8.11 Multiple DoS Vulnerabilities
70846,HIGH,MS13-088: Cumulative Security Update for Internet Explorer (2888505)
70847,HIGH,MS13-089: Critical Vulnerability in Windows Graphics Device Interface Could Allow Remote Code Execution (2876331)
70848,HIGH,MS13-090: Cumulative Security Update of ActiveX Kill Bits (2900986)
70849,HIGH,MS13-091: Vulnerabilities in Microsoft Office Could Allow Remote Code Execution (2885093)
70851,MEDIUM,MS13-093: Vulnerability in Windows Ancillary Function Driver Could Allow Information Disclosure (2875783)
70852,MEDIUM,MS13-094: Vulnerability in Microsoft Outlook Could Allow Information Disclosure (2894514)
70853,MEDIUM,MS13-095: Vulnerability in Digital Signatures Could Allow Denial of Service (2868626)
70854,MEDIUM,MS KB2868725: Update for Disabling RC4
70857,CRITICAL,Adobe AIR <= 3.9.0.1030 Memory Corruptions (APSB13-26)
70858,CRITICAL,Flash Player <= 11.7.700.242 / 11.9.900.117 Memory Corruptions (APSB13-26)
70877,HIGH,ESXi 5.0 < Build 1022489 Multiple Vulnerabilities (remote check)
70878,MEDIUM,ESXi 5.0 < Build 1197855 NFC Traffic Denial of Service (remote check)
70879,MEDIUM,ESXi 5.0 < Build 1311175 Multiple Vulnerabilities (remote check)
70880,HIGH,ESXi 5.0 < Build 515841 Multiple Vulnerabilities (remote check)
70881,HIGH,ESXi 5.0 < Build 608089 Multiple Vulnerabilities (remote check)
70882,HIGH,ESXi 5.0 < Build 702118 Multiple Vulnerabilities (remote check)
70883,HIGH,ESXi 5.0 < Build 721882 Multiple Vulnerabilities (remote check)
70884,HIGH,ESXi 5.0 < Build 764879 Multiple Vulnerabilities (remote check)
70885,HIGH,ESXi 5.0 < Build 912577 Multiple Vulnerabilities (remote check)
70886,MEDIUM,ESXi 5.1 < Build 1063671 Multiple Vulnerabilities (remote check)
70887,MEDIUM,ESXi 5.1 < Build 1142907 NFC Traffic Denial of Service (remote check)
70888,HIGH,ESXi 5.1 < Build 911593 Multiple Vulnerabilities (remote check)
70949,HIGH,Firefox < 25.0.1 NSS and NSPR Multiple Vulnerabilities
71311,HIGH,MS13-096: Vulnerability in Microsoft Graphics Component Could Allow Remote Code Execution (2908005)
71312,HIGH,MS13-097: Cumulative Security Update for Internet Explorer (2898785)
71313,HIGH,MS13-098: Vulnerability in Windows Could Allow Remote Code Execution (2893294)
71314,HIGH,MS13-099: Vulnerability in Microsoft Scripting Runtime Object Library Could Allow Remote Code Execution (2909158)
71316,HIGH,MS13-101: Vulnerabilities in Windows Kernel-Mode Drivers Could Allow Elevation of Privilege (2880430)
71317,MEDIUM,MS13-102: Vulnerability in LRPC Client Could Allow Elevation of Privilege (2898715)
71321,MEDIUM,MS13-106: Vulnerability in a Microsoft Office Shared Component Could Allow Security Feature Bypass (2905238)
71323,HIGH,MS KB2905247: Insecure ASP.NET Site Configuration Could Allow Elevation of Privilege
71342,CRITICAL,Shockwave Player <= 12.0.6.147 Memory Corruptions (APSB13-29)
71347,CRITICAL,Firefox < 26.0 Multiple Vulnerabilities
71350,HIGH,Adobe AIR <= AIR 3.9.0.1210 Multiple Vulnerabilities (APSB13-28)
71351,HIGH,Flash Player <= 11.7.700.252 / 11.9.900.152 Multiple Vulnerabilities (APSB13-28)
71426,HIGH,PHP 5.3.x < 5.3.28 Multiple OpenSSL Vulnerabilities
71427,HIGH,PHP 5.4.x < 5.4.23 OpenSSL openssl_x509_parse() Memory Corruption
71464,MEDIUM,Cisco AnyConnect Secure Mobility Client 2.x / 3.x < 3.0(629) ATL Buffer Overflow
71519,HIGH,IBM DB2 9.7 < Fix Pack 9 Multiple Vulnerabilities
71520,MEDIUM,Wireshark 1.8.x < 1.8.12 Multiple DoS
71773,MEDIUM,ESXi 5.1 < Build 1312873 File Descriptors Privilege Escalation (remote check)
71774,MEDIUM,ESXi 5.5 < Build 1474526 File Descriptors Privilege Escalation (remote check)
71857,MEDIUM,OpenSSL 1.0.1 < 1.0.1f Multiple Vulnerabilities
71927,MEDIUM,PHP 5.4.x < 5.4.24 Multiple Vulnerabilities
71941,HIGH,MS14-001: Vulnerabilities in Microsoft Word and Office Web Apps Could Allow Remote Code Execution (2916605)
71942,HIGH,MS14-002: Vulnerability in Windows Kernel Could Allow Elevation of Privilege (2914368)
71943,HIGH,MS14-003: Vulnerability in Windows Kernel-Mode Driver Could Allow Elevation of Privilege (2913602)
71946,CRITICAL,Adobe Acrobat < 10.1.9 / 11.0.6 Multiple Vulnerabilities (APSB14-01)
71947,CRITICAL,Adobe Reader < 10.1.9 / 11.0.6 Multiple Vulnerabilities (APSB14-01)
71950,CRITICAL,Adobe AIR <= AIR 3.9.0.1380 Multiple Vulnerabilities (APSB14-02)
71951,CRITICAL,Flash Player <= 11.7.700.257 / 11.9.900.170 Multiple Vulnerabilities (APSB14-02)
71966,CRITICAL,Oracle Java SE Multiple Vulnerabilities (January 2014 CPU)
72037,LOW,ESXi 5.1 < Build 1483097 Multiple Vulnerabilities (remote check)
72091,CRITICAL,Adobe ColdFusion Unsupported Version Detection
72284,CRITICAL,Flash Player <= 11.7.700.260 / 12.0.0.43 Unspecified Remote Code Execution (APSB14-04)
72331,CRITICAL,Firefox < 27.0 Multiple Vulnerabilities
72388,MEDIUM,WinSCP < 5.1.6 RSA Signature Blob Integer Overflow
72389,MEDIUM,WinSCP < 5.1.7 Multiple Vulnerabilities
72428,HIGH,MS14-005: Vulnerability in Microsoft XML Core Services Could Allow Information Disclosure (2916036)
72430,HIGH,MS14-007: Vulnerability in Direct2D Could Allow Remote Code Execution (2912390)
72432,HIGH,MS14-009: Vulnerabilities in .NET Framework Could Allow Privilege Escalation (2916607)
72433,HIGH,MS14-010: Cumulative Security Update for Internet Explorer (2909921)
72434,HIGH,MS14-011: Vulnerability in VBScript Scripting Engine Could Allow Remote Code Execution (2928390)
72435,CRITICAL,Shockwave Player <= 12.0.7.148 Multiple Memory Corruption Vulnerabilities (APSB14-06)
72583,MEDIUM,BlackBerry Enterprise Server / Enterprise Service / Enterprise Server Express Information Disclosure (KB35647)
72606,CRITICAL,Flash Player <= 11.7.700.261 / 12.0.0.44 Multiple Vulnerabilities (APSB14-07)
72690,MEDIUM,Apache Tomcat 6.0.x < 6.0.39 Multiple Vulnerabilities
72691,MEDIUM,Apache Tomcat 7.0.0 < 7.0.50 multiple vulnerabilities
72692,HIGH,Apache Tomcat 7.0.0 < 7.0.52
72706,HIGH,QuickTime < 7.7.5 Multiple Vulnerabilities (Windows)
72723,MEDIUM,Foxit Reader < 6.1.4 Trojan DLL Injection
72836,CRITICAL,MS11-058: Vulnerabilities in DNS Server Could Allow Remote Code Execution (2562485) (uncredentialed check)
72881,MEDIUM,PHP 5.4.x < 5.4.26 Multiple Vulnerabilities
72930,HIGH,MS14-012: Cumulative Security Update for Internet Explorer (2925418)
72931,HIGH,MS14-013: Vulnerability in Microsoft DirectShow Could Allow Remote Code Execution (2929961)
72932,HIGH,MS14-014: Vulnerability in Silverlight Could Allow Security Feature Bypass (2932677)
72934,HIGH,MS14-015: Vulnerabilities in Windows Kernel-Mode Driver Could Allow Elevation of Privilege (2930275)
72935,MEDIUM,MS14-016: Vulnerability in Security Account Manager Remote (SAMR) Protocol Could Allow Security Feature Bypass (2934418)
72937,MEDIUM,Flash Player <= 11.7.700.269 / 12.0.0.70 Multiple Vulnerabilities (APSB14-08)
72941,HIGH,Wireshark 1.8.x < 1.8.13 Multiple Vulnerabilities
72983,CRITICAL,Shockwave Player <= 12.0.9.149 Unspecified Memory Corruption Vulnerabilities (APSB14-10)
73081,MEDIUM,Apache 2.4.x < 2.4.8 Multiple Vulnerabilities
73099,HIGH,Firefox < 28.0 Multiple Vulnerabilities
73289,MEDIUM,PHP PHP_RSHUTDOWN_FUNCTION Security Bypass
73338,MEDIUM,PHP 5.4.x < 5.4.27 awk Magic Parsing BEGIN DoS
73345,HIGH,Cisco IOS Software Multiple Network Address Translation (NAT) Denial of Service Vulnerabilities (cisco-sa-20140326-nat)
73404,MEDIUM,OpenSSL 1.0.1 < 1.0.1g Multiple Vulnerabilities
73405,MEDIUM,Apache 2.2.x < 2.2.27 Multiple Vulnerabilities
73412,MEDIUM,OpenSSL Heartbeat Information Disclosure (Heartbleed)
73413,HIGH,MS14-017: Vulnerabilities in Microsoft Word and Office Web Apps Could Allow Remote Code Execution (2949660)
73415,HIGH,MS14-018: Cumulative Security Update for Internet Explorer (2950467)
73416,MEDIUM,MS14-019: Vulnerability in Windows File Handling Component Could Allow Remote Code Execution (2922229)
73417,HIGH,MS14-020: Vulnerability in Microsoft Publisher Could Allow Remote Code Execution (2950145)
73432,CRITICAL,Adobe AIR <= AIR 4.0.0.1628 Multiple Vulnerabilities (APSB14-09)
73433,CRITICAL,Flash Player <= 11.7.700.272 / 12.0.0.77 Multiple Vulnerabilities (APSB14-09)
73570,CRITICAL,Oracle Java SE Multiple Vulnerabilities (April 2014 CPU)
73613,MEDIUM,WinSCP Heartbeat Information Disclosure (Heartbleed)
73740,CRITICAL,Flash Player <= 11.7.700.275 / 13.0.0.182 Pixel Bender Component Buffer Overflow (APSB14-13)
73769,CRITICAL,Firefox < 29.0 Multiple Vulnerabilities
73805,CRITICAL,MS14-021: Security Update for Internet Explorer (2965111)
73862,HIGH,PHP 5.4.x < 5.4.28 FPM Unix Socket Insecure Permission Escalation
73917,MEDIUM,ESXi 5.5 < Build 1746974 / 5.5 Update 1 < Build 1746018 OpenSSL Library Multiple Vulnerabilities (remote check) (Heartbleed)
73982,HIGH,MS14-023: Vulnerabilities in Microsoft Office Could Allow Remote Code Execution (2961037)
73983,MEDIUM,MS14-024: Vulnerability in a Microsoft Common Control Could Allow Security Feature Bypass (2961033)
73984,HIGH,MS14-025: Vulnerability in Group Policy Preferences Could Allow Elevation of Privilege (2962486)
73985,CRITICAL,MS14-026: Vulnerability in .NET Framework Could Allow Elevation of Privilege (2958732)
73986,HIGH,MS14-027: Vulnerability in Windows Shell Handler Could Allow Elevation of Privilege (2962488)
73987,MEDIUM,MS14-028: Vulnerabilities in iSCSI Could Allow Denial of Service (2962485)
73988,HIGH,MS14-029: Security Update for Internet Explorer (2962482)
73990,INFO,MS KB2871997: Update to Improve Credentials Protection and Management
73992,MEDIUM,MS KB2960358: Update for Disabling RC4 in .NET TLS
73993,CRITICAL,Adobe AIR <= AIR 13.0.0.83 Multiple Vulnerabilities (APSB14-14)
73994,CRITICAL,Flash Player <= 13.0.0.206 Multiple Vulnerabilities (APSB14-14)
74011,CRITICAL,Adobe Acrobat < 10.1.10 / 11.0.07 Multiple Vulnerabilities (APSB14-15)
74012,CRITICAL,Adobe Reader < 10.1.10 / 11.0.07 Multiple Vulnerabilities (APSB14-15)
74245,MEDIUM,Apache Tomcat 6.0.x < 6.0.40 Multiple Vulnerabilities
74246,MEDIUM,Apache Tomcat 7.0.0 < 7.0.53 multiple vulnerabilities
74247,MEDIUM,Apache Tomcat 7.0.0 < 7.0.54
74291,MEDIUM,PHP 5.4.x < 5.4.29 'src/cdf.c' Multiple Vulnerabilities
74326,MEDIUM,OpenSSL 'ChangeCipherSpec' MiTM Potential Vulnerability
74363,HIGH,OpenSSL 0.9.8 < 0.9.8za Multiple Vulnerabilities
74364,HIGH,OpenSSL 1.0.1 < 1.0.1h Multiple Vulnerabilities
74422,MEDIUM,MS14-030: Vulnerability in Remote Desktop Could Allow Tampering (2969259)
74423,MEDIUM,MS14-031: Vulnerability in TCP Protocol Could Allow Denial of Service (2962478)
74425,MEDIUM,MS14-033: Vulnerability in Microsoft XML Core Services Could Allow Information Disclosure (2966061)
74426,HIGH,MS14-034: Vulnerability in Microsoft Word Could Allow Remote Code Execution (2969261)
74427,CRITICAL,MS14-035: Cumulative Security Update for Internet Explorer (2969262)
74428,HIGH,MS14-036: Vulnerabilities in Microsoft Graphics Component Could Allow Remote Code Execution (2967487)
74430,CRITICAL,Adobe AIR <= AIR 13.0.0.111 Multiple Vulnerabilities (APSB14-16)
74431,CRITICAL,Flash Player <= 13.0.0.214 Multiple Vulnerabilities (APSB14-16)
74440,CRITICAL,Firefox < 30.0 Multiple Vulnerabilities
74470,MEDIUM,ESXi 5.5 < Build 1881737 OpenSSL Library Multiple Vulnerabilities (remote check)
76114,HIGH,IBM DB2 9.7 < Fix Pack 9a Multiple Vulnerabilities
76116,HIGH,IBM DB2 Stored Procedure Infrastructure Privilege Escalation Vulnerability
76123,MEDIUM,MS Security Advisory 2974294: Vulnerability in Microsoft Malware Protection Engine Could Allow Denial of Service
76167,MEDIUM,WinSCP 5.x < 5.5.4 Multiple Vulnerabilities
76203,MEDIUM,ESXi 5.1 < Build 1900470 OpenSSL Library Multiple Vulnerabilities (remote check)
76281,HIGH,PHP 5.4.x < 5.4.30 Multiple Vulnerabilities
76368,MEDIUM,ESXi 5.0 < Build 1918656 OpenSSL Library Multiple Vulnerabilities (remote check)
76406,CRITICAL,MS14-037: Cumulative Security Update for Internet Explorer (2975687)
76407,HIGH,MS14-038: Vulnerability in Windows Journal Could Allow Remote Code Execution (2975689)
76408,HIGH,MS14-039: Vulnerability in On-Screen Keyboard Could Allow Elevation of Privilege (2975685)
76409,HIGH,MS14-040: Vulnerability in Ancillary Function Driver (AFD) Could Allow Elevation of Privilege (2975684)
76410,MEDIUM,MS14-041: Vulnerability in Microsoft DirectShow Could Allow Elevation of Privilege (2975681)
76413,HIGH,Flash Player <= 14.0.0.125 Multiple Vulnerabilities (APSB14-17)
76491,MEDIUM,Cisco AnyConnect Secure Mobility Client 2.x / 3.x < 3.1(5170) Multiple OpenSSL Vulnerabilities
76532,CRITICAL,Oracle Java SE Multiple Vulnerabilities (July 2014 CPU)
76622,MEDIUM,Apache 2.4.x < 2.4.10 Multiple Vulnerabilities
76763,CRITICAL,Firefox < 31.0 Multiple Vulnerabilities
76791,LOW,PHP 5.4.x < 5.4.31 CLI Server 'header' DoS
76947,MEDIUM,VMware vCenter Converter Multiple Vulnerabilities (VMSA-2014-0006)
77086,MEDIUM,OpenSSL 0.9.8 < 0.9.8zb Multiple Vulnerabilities
77088,HIGH,OpenSSL 1.0.1 < 1.0.1i Multiple Vulnerabilities
77160,MEDIUM,MS14-043: Vulnerability in Windows Media Center Could Allow Remote Code Execution (2978742)
77162,MEDIUM,MS14-044: Vulnerability in SQL Server Could Allow Elevation of Privilege (2984340)
77163,HIGH,MS14-045: Vulnerabilities in Kernel-Mode Drivers Could Allow Elevation of Privilege (2984615)
77164,MEDIUM,MS14-046: Vulnerability in .NET Framework Could Allow Security Feature Bypass (2984625)
77165,HIGH,MS14-047: Vulnerability in LRPC Could Allow Security Feature Bypass (2978668)
77166,HIGH,MS14-048: Vulnerability in OneNote Could Allow Remote Code Execution (2977201)
77167,HIGH,MS14-049: Vulnerability in Windows Installer Service Could Allow Elevation of Privilege (2962490)
77169,HIGH,MS14-051: Cumulative Security Update for Internet Explorer (2976627)
77171,CRITICAL,Adobe AIR <= AIR 14.0.0.110 Multiple Vulnerabilities (APSB14-18)
77172,CRITICAL,Flash Player <= 14.0.0.145 Multiple Vulnerabilities (APSB14-18)
77175,CRITICAL,Adobe Reader < 10.1.11 / 11.0.08 Sandbox Bypass (APSB14-19)
77176,CRITICAL,Adobe Acrobat < 10.1.11 / 11.0.08 Sandbox Bypass (APSB14-19)
77200,MEDIUM,OpenSSL 'ChangeCipherSpec' MiTM Vulnerability
77285,HIGH,PHP 5.3.x < 5.3.29 Multiple Vulnerabilities
77327,MEDIUM,BlackBerry Enterprise Server / Enterprise Service / Enterprise Server Express Information Disclosure (KB36175)
77402,MEDIUM,PHP 5.4.x < 5.4.32 Multiple Vulnerabilities
77408,HIGH,Apache OpenOffice < 4.1.1 Multiple Vulnerabilities
77475,MEDIUM,Apache Tomcat 7.0.0 < 7.0.55 multiple vulnerabilities
77500,CRITICAL,Firefox < 32.0 Multiple Vulnerabilities
77531,MEDIUM,Apache 2.2.x < 2.2.28 Multiple Vulnerabilities
77572,HIGH,MS14-052: Cumulative Security Update for Internet Explorer (2977629)
77573,MEDIUM,MS14-053: Vulnerability in .NET Framework Could Allow Denial of Service (2990931)
77574,HIGH,MS14-054: Vulnerability in Windows Task Scheduler Could Allow Elevation of Privilege (2988948)
77576,CRITICAL,Adobe AIR <= AIR 14.0.0.178 Multiple Vulnerabilities (APSB14-21)
77577,CRITICAL,Flash Player <= 14.0.0.179 Multiple Vulnerabilities (APSB14-21)
77711,CRITICAL,Adobe Acrobat < 10.1.12 / 11.0.09 Multiple Vulnerabilities (APSB14-20)
77712,CRITICAL,Adobe Reader < 10.1.12 / 11.0.09 Multiple Vulnerabilities (APSB14-20)
77813,MEDIUM,Adobe Acrobat Help Page XSS
77906,HIGH,Firefox < 32.0.3 NSS Signature Verification Vulnerability
78035,HIGH,Cisco IOS Software RSVP DoS (cisco-sa-20140924-rsvp)
78078,HIGH,WinSCP 5.x < 5.5.5 Multiple Vulnerabilities
78108,MEDIUM,ESXi 5.5 < Build 1980513 glibc Library Multiple Vulnerabilities (remote check)
78431,HIGH,MS14-056: Cumulative Security Update for Internet Explorer (2987107)
78432,CRITICAL,MS14-057: Vulnerabilities in .NET Framework Could Allow Remote Code Execution (3000414)
78433,HIGH,MS14-058: Vulnerabilities in Kernel-Mode Driver Could Allow Remote Code Execution (3000061)
78435,HIGH,MS14-060: Vulnerability in Windows OLE Could Allow Remote Code Execution (3000869)
78437,HIGH,MS14-061: Vulnerability in Microsoft Word and Office Web Apps Could Allow Remote Code Execution (3000434)
78438,HIGH,MS14-062: Vulnerability in Message Queuing Service Could Allow Elevation of Privilege (2993254)
78439,HIGH,MS14-063: Vulnerability in FAT32 Disk Partition Driver Could Allow Elevation of Privilege (2998579)
78440,CRITICAL,Adobe AIR <= AIR 15.0.0.249 Multiple Vulnerabilities (APSB14-22)
78441,CRITICAL,Flash Player <= 15.0.0.167 Multiple Vulnerabilities (APSB14-22)
78446,MEDIUM,MS KB2977292: Update for Microsoft EAP Implementation that Enables the Use of TLS
78447,MEDIUM,MS KB3009008: Vulnerability in SSL 3.0 Could Allow Information Disclosure (POODLE)
78473,HIGH,Firefox < 33.0 Multiple Vulnerabilities
78481,CRITICAL,Oracle Java SE Multiple Vulnerabilities (October 2014 CPU)
78545,HIGH,PHP 5.4.x < 5.4.34 Multiple Vulnerabilities
78552,MEDIUM,OpenSSL 0.9.8 < 0.9.8zc Multiple Vulnerabilities
78554,MEDIUM,OpenSSL 1.0.1 < 1.0.1j Multiple Vulnerabilities
78597,CRITICAL,Apple iTunes < 12.0.1 Multiple Vulnerabilities (credentialed check)
78676,MEDIUM,Cisco AnyConnect Secure Mobility Client < 3.1(5187) (POODLE)
78678,HIGH,QuickTime < 7.7.6 Multiple Vulnerabilities (Windows)
79125,HIGH,MS14-064: Vulnerabilities in Windows OLE Could Allow Remote Code Execution (3011443)
79126,HIGH,MS14-065: Cumulative Security Update for Internet Explorer (3003057)
79127,CRITICAL,MS14-066: Vulnerability in Schannel Could Allow Remote Code Execution (2992611)
79128,HIGH,MS14-067: Vulnerability in XML Core Services Could Allow Remote Code Execution (2993958)
79129,HIGH,MS14-069: Vulnerabilities in Microsoft Office Could Allow Remote Code Execution (3009710)
79130,HIGH,MS14-070: Vulnerability in TCP/IP Could Allow Elevation of Privilege (2989935)
79131,MEDIUM,MS14-071: Vulnerability in Windows Audio Service Could Allow Elevation of Privilege (3005607)
79132,HIGH,MS14-072: Vulnerability in .NET Framework Could Allow Elevation of Privilege (3005210)
79134,MEDIUM,MS14-074: Vulnerability in Remote Desktop Protocol Could Allow Security Feature Bypass (3003743)
79137,HIGH,MS14-078: Vulnerability in IME (Japanese) Could Allow Elevation of Privilege (2992719)
79138,HIGH,MS14-079: Vulnerability in Kernel-Mode Driver Could Allow Denial of Service (3002885)
79139,CRITICAL,Adobe AIR <= 15.0.0.293 Multiple Vulnerabilities (APSB14-24)
79140,CRITICAL,Flash Player <= 15.0.0.189 Multiple Vulnerabilities (APSB14-24)
79246,MEDIUM,PHP 5.4.x < 5.4.35 'donote' DoS
79311,HIGH,MS14-068: Vulnerability in Kerberos Could Allow Elevation of Privilege (3011780) (ESKIMOROLL)
79442,CRITICAL,Flash Player <= 15.0.0.223 Dereferenced Memory Pointer RCE (APSB14-26)
79638,CRITICAL,MS14-066: Vulnerability in Schannel Could Allow Remote Code Execution (2992611) (uncredentialed check)
79665,HIGH,Firefox < 34.0 Multiple Vulnerabilities
79828,HIGH,MS14-080: Cumulative Security Update for Internet Explorer (3008923)
79830,HIGH,MS14-081: Vulnerabilities in Microsoft Word and Office Web Apps Could Allow Remote Code Execution (3017301)
79831,HIGH,MS14-082: Vulnerability in Microsoft Office Could Allow Remote Code Execution (3017349)
79832,HIGH,MS14-083: Vulnerabilities in Microsoft Excel Could Allow Remote Code Execution (3017347)
79833,HIGH,MS14-084: Vulnerability in VBScript Scripting Engine Could Allow Remote Code Execution (3016711)
79834,MEDIUM,MS14-085: Vulnerability in Microsoft Graphics Component Could Allow Information Disclosure (3013126)
79835,CRITICAL,Flash Player <= 15.0.0.239 Multiple Vulnerabilities (APSB14-27)
79855,CRITICAL,Adobe Acrobat < 10.1.13 / 11.0.10 Multiple Vulnerabilities (APSB14-28)
79856,CRITICAL,Adobe Reader < 10.1.13 / 11.0.10 Multiple Vulnerabilities (APSB14-28)
79862,MEDIUM,ESXi 5.1 < Build 2323236 Third-Party Libraries Multiple Vulnerabilities (remote check) (BEAST)
79864,CRITICAL,VMware vCenter Update Manager Multiple Java Vulnerabilities (VMSA-2014-0012)
80037,MEDIUM,ESXi 5.1 < Build 2323231 glibc Library Multiple Vulnerabilities (remote check)
80330,HIGH,PHP 5.4.x < 5.4.36 'process_nested_data' RCE
80483,CRITICAL,Adobe AIR <= 15.0.0.356 Multiple Vulnerabilities (APSB15-01)
80484,CRITICAL,Flash Player <= 16.0.0.235 Multiple Vulnerabilities (APSB15-01)
80490,HIGH,MS15-001: Vulnerability in Windows Application Compatibility Cache Could Allow Elevation of Privilege (3023266)
80491,CRITICAL,MS15-002: Vulnerability in Windows Telnet Service Could Allow Remote Code Execution (3020393)
80492,HIGH,MS15-003: Vulnerability in Windows User Profile Service Could Allow Elevation of Privilege (3021674)
80493,HIGH,MS15-004: Vulnerability in Windows Components Could Allow Elevation of Privilege (3025421)
80494,MEDIUM,MS15-005: Vulnerability in Network Location Awareness Service Could Allow Security Feature Bypass (3022777)
80495,LOW,MS15-006: Vulnerability in Windows Error Reporting Could Allow Security Feature Bypass (3004365)
80496,HIGH,MS15-007: Vulnerability in Network Policy Server RADIUS Implementation Could Cause Denial of Service (3014029)
80497,MEDIUM,MS15-008: Vulnerability in Windows Kernel-Mode Driver Could Allow Elevation of Privilege (3019215)
80523,HIGH,Firefox < 35 Multiple Vulnerabilities
80566,MEDIUM,OpenSSL 0.9.8 < 0.9.8zd Multiple Vulnerabilities
80568,MEDIUM,OpenSSL 1.0.1 < 1.0.1k Multiple Vulnerabilities
80908,CRITICAL,Oracle Java SE Multiple Vulnerabilities (January 2015 CPU) (POODLE)
80946,CRITICAL,Flash Player <= 16.0.0.257 Information Disclosure (APSB15-02)
80998,CRITICAL,Flash Player <= 16.0.0.287 Unspecified Code Execution (APSA15-01 / APSB15-03)
81080,HIGH,PHP 5.4.x < 5.4.37 Multiple Vulnerabilities
81083,MEDIUM,ESXi 5.0 < Build 1749766 Multiple Vulnerabilities (remote check)
81084,MEDIUM,ESXi 5.1 < Build 1743201 Multiple Vulnerabilities (remote check)
81085,MEDIUM,ESXi 5.5 < Build 2352327 Multiple Vulnerabilities (remote check) (POODLE)
81126,MEDIUM,Apache 2.4.x < 2.4.12 Multiple Vulnerabilities
81127,CRITICAL,Flash Player <= 16.0.0.296 Unspecified Code Execution (APSA15-02 / APSB15-04)
81262,HIGH,MS15-009: Security Update for Internet Explorer (3034682)
81263,HIGH,MS15-010: Vulnerabilities in Windows Kernel-Mode Driver Could Allow Remote Code Execution (3036220)
81264,HIGH,MS15-011: Vulnerability in Group Policy Could Allow Remote Code Execution (3000483)
81265,HIGH,MS15-012: Vulnerabilities in Microsoft Office Could Allow Remote Code Execution (3032328)
81266,MEDIUM,MS15-013: Vulnerability in Microsoft Office Could Allow Security Feature Bypass (3033857)
81267,LOW,MS15-014: Vulnerability in Group Policy Could Allow Security Feature Bypass (3004361)
81268,HIGH,MS15-015: Vulnerability in Microsoft Windows Could Allow Elevation of Privilege (3031432)
81269,MEDIUM,MS15-016: Vulnerability in Microsoft Graphics Component Could Allow Information Disclosure (3029944)
81510,CRITICAL,PHP 5.4.x < 5.4.38 Multiple Vulnerabilities (GHOST)
81521,HIGH,Firefox < 36 Multiple Vulnerabilities
81579,MEDIUM,Apache Tomcat 6.0.x < 6.0.42 Handling Request Smuggling DoS
81649,HIGH,Apache Tomcat 6.0.x < 6.0.43 Multiple Vulnerabilities (POODLE)
81650,HIGH,Apache Tomcat 7.0.x < 7.0.57 Multiple Vulnerabilities (POODLE)
81671,MEDIUM,Cisco AnyConnect Secure Mobility Client < 3.1(6068) XSS
81731,INFO,MS KB3033929: Availability of SHA-2 Code Signing Support for Windows 7 and Windows Server 2008 R2
81732,CRITICAL,MS KB3044132: Update for Vulnerabilities in Adobe Flash Player in Internet Explorer
81733,HIGH,MS15-018: Cumulative Security Update for Internet Explorer (3032359)
81734,HIGH,MS15-019: Vulnerability in VBScript Scripting Engine Could Allow Remote Code Execution (3040297)
81735,HIGH,MS15-020: Vulnerabilities in Microsoft Windows Could Allow Remote Code Execution (3041836) (EASYHOOKUP)
81736,HIGH,MS15-021: Vulnerabilities in Adobe Font Driver Could Allow Remote Code Execution (3032323)
81737,HIGH,MS15-023: Vulnerabilities in Kernel-Mode Driver Could Allow Elevation of Privilege (3034344)
81738,MEDIUM,MS15-024: Vulnerability in PNG Processing Could Allow Information Disclosure (3035132)
81739,HIGH,MS15-025: Vulnerabilities in Windows Kernel Could Allow Elevation of Privilege (3038680)
81741,MEDIUM,MS15-027: Vulnerability in NETLOGON Could Allow Spoofing (3002657)
81742,LOW,MS15-028: Vulnerability in Windows Task Scheduler Could Allow Security Feature Bypass (3030377)
81743,MEDIUM,MS15-029: Vulnerability in Windows Photo Decoder Component Could Allow Information Disclosure (3035126)
81744,HIGH,MS15-030: Vulnerability in Remote Desktop Protocol Could Allow Denial of Service (3039976)
81745,MEDIUM,MS15-031: Vulnerability in Schannel Could Allow Security Feature Bypass (3046049) (FREAK)
81757,HIGH,MS15-022: Vulnerabilities in Microsoft Office Could Allow Remote Code Execution (3038999)
81819,CRITICAL,Flash Player <= 16.0.0.305 Multiple Vulnerabilities (APSB15-05)
81978,HIGH,Cisco AnyConnect Secure Mobility Client < 3.1.10010.0 / 4.0.x < 4.0.4014.0 / 4.1.x < 4.1.4011.0 Code Execution Vulnerability
82025,HIGH,PHP 5.4.x < 5.4.39 Multiple Vulnerabilities
82030,MEDIUM,OpenSSL 0.9.8 < 0.9.8zf Multiple Vulnerabilities
82032,MEDIUM,OpenSSL 1.0.1 < 1.0.1m Multiple Vulnerabilities
82040,MEDIUM,Mozilla Firefox < 36.0.3
82041,HIGH,Firefox < 36.0.4 SVG Bypass Privilege Escalation
82075,MEDIUM,MS KB3050995: Improperly Issued Digital Certificates Could Allow Spoofing (deprecated)
82270,MEDIUM,Cisco AnyConnect Secure Mobility Client < 3.1(7021) / <= 4.0(48) Multiple Vulnerabilities (FREAK)
82503,HIGH,Firefox < 37.0 Multiple Vulnerabilities
82571,HIGH,Cisco IOS Software TCP CIP DoS
82583,MEDIUM,Firefox < 37.0.1 HTTP/2 Alt-Svc Header Certificate Verification Bypass
82769,HIGH,MS15-033: Vulnerabilities in Microsoft Office Could Allow Remote Code Execution (3048019)
82770,HIGH,MS15-032: Cumulative Security Update for Internet Explorer (3038314)
82771,CRITICAL,MS15-034: Vulnerability in HTTP.sys Could Allow Remote Code Execution (3042553)
82772,HIGH,MS15-035: Vulnerabilities in Microsoft Graphics Component Could Allow Remote Code Execution (3046306)
82774,HIGH,MS15-038: Vulnerabilities in Microsoft Windows Could Allow Elevation of Privilege (3049576)
82775,MEDIUM,MS15-039: Vulnerability in XML Core Services Could Allow Security Feature Bypass (3046482)
82777,LOW,MS15-041: Vulnerability in .NET Framework Could Allow Information Disclosure (3048010)
82778,LOW,MS15-042: Vulnerability in Windows Hyper-V Could Allow Denial of Service (3047234)
82781,CRITICAL,Adobe Flash Player <= 17.0.0.134 Multiple Vulnerabilities (APSB15-06)
82793,HIGH,MS15-037: Vulnerability in Windows Task Scheduler Could Allow Elevation of Privilege (3046269)
82820,CRITICAL,Oracle Java SE Multiple Vulnerabilities (April 2015 CPU) (FREAK)
82823,CRITICAL,MS KB3049508: Update for Vulnerabilities in Adobe Flash Player in Internet Explorer
82828,CRITICAL,MS15-034: Vulnerability in HTTP.sys Could Allow Remote Code Execution (3042553) (uncredentialed check)
82998,MEDIUM,Firefox < 37.0.2 Failed Plugin Memory Corruption
83033,CRITICAL,PHP 5.4.x < 5.4.40 Multiple Vulnerabilities
83354,HIGH,MS15-049: Vulnerability in Silverlight Could Allow Elevation of Privilege (3058985)
83355,MEDIUM,MS15-050: Vulnerability in Service Control Manager Could Allow Elevation of Privilege (3055642)
83356,HIGH,MS15-048: Vulnerabilities in .NET Framework Could Allow Elevation of Privilege (3057134)
83358,HIGH,MS15-043: Cumulative Security Update for Internet Explorer (3049563)
83360,MEDIUM,MS15-055: Vulnerability in Schannel Could Allow Information Disclosure (3061518)
83361,MEDIUM,MS15-052: Vulnerability in Windows Kernel Could Allow Security Feature Bypass (3050514)
83362,HIGH,MS15-045: Vulnerability in Windows Journal Could Allow Remote Code Execution (3046002)
83363,LOW,MS15-054: Vulnerability in Microsoft Management Console File Format Could Allow Denial of Service (3051768)
83364,MEDIUM,MS15-053: Vulnerabilities in JScript and VBScript Scripting Engines Could Allow Security Feature Bypass (3057263)
83365,CRITICAL,Adobe Flash Player <= 17.0.0.169 Multiple Vulnerabilities (APSB15-09)
83369,CRITICAL,MS KB3061904: Update for Vulnerabilities in Adobe Flash Player in Internet Explorer
83370,HIGH,MS15-051: Vulnerabilities in Windows Kernel-Mode Drivers Could Allow Elevation of Privilege (3057191)
83416,HIGH,MS15-046: Vulnerabilities in Microsoft Office Could Allow Remote Code Execution (3057181)
83439,CRITICAL,Firefox < 38.0 Multiple Vulnerabilities
83440,HIGH,MS15-044: Vulnerabilities in Microsoft Font Drivers Could Allow Remote Code Execution (3057110)
83470,CRITICAL,Adobe Acrobat < 10.1.14 / 11.0.11 Multiple Vulnerabilities (APSB15-10)
83471,CRITICAL,Adobe Reader < 10.1.14 / 11.0.11 Multiple Vulnerabilities (APSB15-10)
83488,HIGH,Wireshark 1.10.x < 1.10.14 / 1.12.x < 1.12.5 Multiple DoS Vulnerabilities
83490,HIGH,Apache Tomcat 6.0.x < 6.0.44 Multiple Vulnerabilities (FREAK)
83517,HIGH,PHP 5.4.x < 5.4.41 Multiple Vulnerabilities
83526,MEDIUM,Apache Tomcat 7.0.x < 7.0.60 Multiple Vulnerabilities (FREAK)
83764,MEDIUM,Apache Tomcat 7.0.0 < 7.0.59
83781,MEDIUM,ESXi 5.5 < Build 1623387 Multiple Vulnerabilities (remote check)
84048,CRITICAL,Adobe Flash Player <= 17.0.0.188 Multiple Vulnerabilities (APSB15-11)
84052,CRITICAL,MS KB3065820: Update for Vulnerabilities in Adobe Flash Player in Internet Explorer
84053,HIGH,MS15-056: Cumulative Security Update for Internet Explorer (3058515)
84054,HIGH,MS15-057: Vulnerability in Windows Media Player Could Allow Remote Code Execution (3033890)
84055,HIGH,MS15-059: Vulnerabilities in Microsoft Office Could Allow Remote Code Execution (3064949)
84056,HIGH,MS15-060: Vulnerability in Microsoft Common Controls Could Allow Remote Code Execution (3059317)
84057,MEDIUM,MS15-063: Vulnerability in Windows Kernel Could Allow Elevation of Privilege (3063858)
84059,HIGH,MS15-061: Vulnerabilities in Windows Kernel-Mode Drivers Could Allow Elevation of Privilege (3057839)
84151,MEDIUM,OpenSSL 0.9.8 < 0.9.8zg Multiple Vulnerabilities
84153,MEDIUM,OpenSSL 1.0.1 < 1.0.1n Multiple Vulnerabilities
84155,CRITICAL,Adobe AIR <= 17.0.0.124 Multiple Vulnerabilities (APSB15-05)
84156,CRITICAL,Adobe AIR <= 17.0.0.144 Multiple Vulnerabilities (APSB15-06)
84157,CRITICAL,Adobe AIR <= 17.0.0.144 Multiple Vulnerabilities (APSB15-09)
84158,CRITICAL,Adobe AIR <= 17.0.0.172 Multiple Vulnerabilities (APSB15-11)
84362,CRITICAL,PHP 5.4.x < 5.4.42 Multiple Vulnerabilities
84364,CRITICAL,PHP 5.6.x < 5.6.10 Multiple Vulnerabilities
84365,CRITICAL,Adobe Flash Player <= 18.0.0.161 RCE (APSB15-14)
84367,CRITICAL,MS KB3074219: Update for Vulnerabilities in Adobe Flash Player in Internet Explorer
84504,HIGH,Apple iTunes < 12.2 Multiple Vulnerabilities (credentialed check)
84505,MEDIUM,Apple QuickTime < 7.7.7 Multiple Vulnerabilities (Windows)
84581,CRITICAL,Firefox < 39.0 Multiple Vulnerabilities (Logjam)
84636,MEDIUM,OpenSSL 1.0.1 < 1.0.1p Multiple Vulnerabilities
84641,CRITICAL,Adobe AIR <= 18.0.0.144 Multiple Vulnerabilities (APSB15-16)
84642,CRITICAL,Adobe Flash Player <= 18.0.0.194 Multiple Vulnerabilities (APSB15-16)
84645,CRITICAL,MS KB3065823: Update for Vulnerabilities in Adobe Flash Player in Internet Explorer
84671,CRITICAL,PHP 5.4.x < 5.4.43 Multiple Vulnerabilities (BACKRONYM)
84673,CRITICAL,PHP 5.6.x < 5.6.11 Multiple Vulnerabilities (BACKRONYM)
84730,CRITICAL,Adobe Flash Player <= 18.0.0.203 Multiple RCE Vulnerabilities (APSB15-18)
84734,MEDIUM,MS15-069: Vulnerabilities in Windows Could Allow Remote Code Execution (3072631)
84735,LOW,MS15-071: Vulnerability in NETLOGON Could Allow Elevation of Privilege (3068457)
84736,HIGH,MS15-066: Vulnerability in VBScript Scripting Engine Could Allow Remote Code Execution (3072604)
84738,HIGH,MS15-058: Vulnerabilities in SQL Server Could Allow Remote Code Execution (3065718)
84739,HIGH,MS15-070: Vulnerabilities in Microsoft Office Could Allow Remote Code Execution (3072620)
84741,MEDIUM,MS15-075: Vulnerabilities in OLE Could Allow Elevation of Privilege (3072633)
84742,MEDIUM,MS KB3074162: Vulnerability in Microsoft Malicious Software Removal Tool Could Allow Elevation of Privilege
84743,CRITICAL,MS15-067: Vulnerability in RDP Could Allow Remote Code Execution (3073094)
84744,HIGH,MS15-072: Vulnerability in Windows Graphics Component Could Allow Elevation of Privilege (3069392)
84745,MEDIUM,MS15-074: Vulnerability in Windows Installer Service Could Allow Elevation of Privilege (3072630)
84746,HIGH,MS15-077: Vulnerability in ATM Font Driver Could Allow Elevation of Privilege (3077657)
84747,HIGH,MS15-073: Vulnerabilities in Windows Kernel-Mode Driver Could Allow Elevation of Privilege (3070102)
84748,HIGH,MS15-076: Vulnerability in Windows Remote Procedure Call Could Allow Elevation of Privilege (3067505)
84761,HIGH,MS15-065: Cumulative Security Update for Internet Explorer (3076321)
84762,HIGH,MS15-068: Vulnerabilities in Windows Hyper-V Could Allow Remote Code Execution (3072000)
84763,MEDIUM,MS KB3057154: Update to harden use of DES encryption (3057154)
84765,CRITICAL,Adobe Shockwave Player <= 12.1.8.158 Multiple RCE Vulnerabilities (APSB15-17)
84800,CRITICAL,Adobe Acrobat < 10.1.15 / 11.0.12 / 2015.006.30060 / 2015.008.20082 Multiple Vulnerabilities (APSB15-15)
84801,CRITICAL,Adobe Reader < 2015.006.30060 / 2015.008.20082 Multiple Vulnerabilities (APSB15-15)
84809,CRITICAL,MS KB3079777: Update for Vulnerabilities in Adobe Flash Player in Internet Explorer
84824,CRITICAL,Oracle Java SE Multiple Vulnerabilities (July 2015 CPU) (Bar Mitzvah)
84828,HIGH,IBM DB2 9.7 < Fix Pack 11 Multiple Vulnerabilities (Bar Mitzvah) (FREAK) (TLS POODLE)
84882,HIGH,MS15-078: Vulnerability in Microsoft Font Driver Could Allow Remote Code Execution (3079904)
84959,MEDIUM,Apache 2.4.x < 2.4.16 Multiple Vulnerabilities
85266,MEDIUM,Cisco AnyConnect Secure Mobility Client < 3.1.8009.0 / 4.0.x < 4.0.2052.0 / 4.1.x < 4.1.28.0 Multiple Vulnerabilities
85267,MEDIUM,Cisco AnyConnect Secure Mobility Client < 3.1.10010.0 / 4.0.x < 4.0.4013.0 / 4.1.x < 4.1.4011.0 IPC File Write Vulnerability
85275,MEDIUM,Firefox < 39.0.3 PDF Reader Arbitrary File Access
85300,HIGH,PHP 5.6.x < 5.6.12 Multiple Vulnerabilities
85321,HIGH,MS15-083: Vulnerability in Server Message Block Could Allow Remote Code Execution (3073921)
85322,HIGH,MS15-090: Vulnerabilities in Microsoft Windows Could Allow Elevation of Privilege (3060716)
85323,LOW,MS15-089: Vulnerability in WebDAV Could Allow Information Disclosure (3076949)
85325,CRITICAL,Adobe AIR <= 18.0.0.180 Multiple Vulnerabilities (APSB15-19)
85326,CRITICAL,Adobe Flash Player <= 18.0.0.209 Multiple Vulnerabilities (APSB15-19)
85329,CRITICAL,MS KB3087916: Update for Vulnerabilities in Adobe Flash Player in Internet Explorer
85330,HIGH,MS15-085: Vulnerability in Mount Manager Could Allow Elevation of Privilege (3082487)
85331,HIGH,MS15-092: Vulnerabilities in .NET Framework Could Allow Elevation of Privilege (3086251)
85332,HIGH,MS15-082: Vulnerability in RDP Could Allow Remote Code Execution (3080348)
85333,HIGH,MS15-079: Cumulative Security Update for Internet Explorer (3082442)
85334,MEDIUM,MS15-088: Unsafe Command Line Parameter Passing Could Allow Information Disclosure (3082458)
85335,MEDIUM,MS15-084: Vulnerabilities in XML Core Services Could Allow Information Disclosure (3080129)
85348,HIGH,MS15-080 : Vulnerabilities in Microsoft Graphics Component Could Allow Remote Code Execution (3078662)
85350,HIGH,MS15-081: Vulnerabilities in Microsoft Office Could Allow Remote Code Execution (3080790)
85386,CRITICAL,Firefox < 40 Multiple Vulnerabilities
85540,HIGH,MS15-093: Security Update for Internet Explorer (3088903)
85541,MEDIUM,Cisco AnyConnect Secure Mobility Client 3.x < 3.1.10010.0 / 4.x < 4.1.4011.0 Arbitrary File Write
85662,HIGH,Apple QuickTime < 7.7.8 Multiple Arbitrary Code Vulnerabilities (Windows)
85689,CRITICAL,Firefox < 40.0.3 Multiple Vulnerabilities
85844,HIGH,MS15-102: Vulnerabilities in Windows Task Management Could Allow Elevation of Privilege (3089657)
85845,HIGH,MS15-094: Cumulative Security Update for Internet Explorer (3089548)
85846,MEDIUM,MS15-096: Vulnerability in Active Directory Service Could Allow Denial of Service (3072595)
85847,HIGH,MS15-101: Vulnerabilities in .NET Framework Could Allow Elevation of Privilege (3089662)
85848,LOW,MS15-105: Vulnerability in Windows Hyper-V Could Allow Security Feature Bypass (3091287)
85876,HIGH,MS15-098: Vulnerabilities in Windows Journal Could Allow Remote Code Execution (3089669)
85877,HIGH,MS15-097: Vulnerabilities in Microsoft Graphics Component Could Allow Remote Code Execution (3089656)
85879,HIGH,MS15-099: Vulnerabilities in Microsoft Office Could Allow Remote Code Execution (3089664)
85882,CRITICAL,Adobe Shockwave Player <= 12.1.9.160 Multiple RCE (APSB15-22)
85884,HIGH,MS15-100: Vulnerability in Windows Media Center Could Allow Remote Code Execution (3087918)
85887,HIGH,PHP 5.6.x < 5.6.13 Multiple Vulnerabilities
86001,HIGH,Apple iTunes < 12.3 Multiple Vulnerabilities (credentialed check)
86059,CRITICAL,Adobe AIR <= 18.0.0.199 Multiple Vulnerabilities (APSB15-23)
86060,CRITICAL,Adobe Flash Player <= 18.0.0.232 Multiple Vulnerabilities (APSB15-23)
86065,CRITICAL,MS KB3087040: Update for Vulnerabilities in Adobe Flash Player in Internet Explorer and Microsoft Edge
86071,HIGH,Firefox < 41 Multiple Vulnerabilities
86124,MEDIUM,VMware vCenter 5.5 LDAP Certificate Validation MitM Spoofing (VMSA-2015-0006)
86149,MEDIUM,MS KB3097966: Inadvertently Disclosed Digital Certificates Could Allow Spoofing
86301,MEDIUM,PHP 5.6.x < 5.6.14 Multiple Vulnerabilities
86302,HIGH,Cisco AnyConnect Secure Mobility Client 3.x < 3.1.11004.0 / 4.x < 4.1.6020.0 Privilege Escalation
86366,HIGH,MS15-109: Security Update for Windows Shell to Address Remote Code Execution (3096443)
86367,HIGH,MS15-106: Cumulative Security Update for Internet Explorer (3096441)
86368,CRITICAL,Adobe AIR <= 19.0.0.190 Multiple Vulnerabilities (APSB15-25)
86369,CRITICAL,Adobe Flash Player <= 19.0.0.185 Multiple Vulnerabilities (APSB15-25)
86371,CRITICAL,MS KB3099406: Update for Vulnerabilities in Adobe Flash Player in Internet Explorer and Microsoft Edge
86373,HIGH,MS15-111: Security Update for Windows Kernel to Address Elevation of Privilege (3096447)
86374,HIGH,MS15-110: Security Updates for Microsoft Office to Address Remote Code Execution (3089440)
86402,CRITICAL,Adobe Acrobat < 10.1.16 / 11.0.13 / 2015.006.30094 / 2015.009.20069 Multiple Vulnerabilities (APSB15-24)
86403,CRITICAL,Adobe Reader < 2015.006.30094 / 2015.009.20069 Multiple Vulnerabilities (APSB15-24)
86418,MEDIUM,Firefox < 41.0.2 'fetch' API Cross-Origin Bypass
86423,CRITICAL,Adobe Flash Player <= 19.0.0.207 Vulnerability (APSB15-27)
86469,CRITICAL,MS KB3105216: Update for Vulnerabilities in Adobe Flash Player in Internet Explorer and Microsoft Edge
86542,CRITICAL,Oracle Java SE Multiple Vulnerabilities (October 2015 CPU)
86602,HIGH,Apple iTunes < 12.3.1 Multiple Vulnerabilities (credentialed check)
86633,CRITICAL,Adobe Shockwave Player <= 12.2.0.162 RCE (APSB15-26)
86698,HIGH,Foxit Reader < 7.2 Multiple Vulnerabilities
86764,HIGH,Firefox < 42 Multiple Vulnerabilities
86818,MEDIUM,MS KB3108638: Update for Windows Hyper-V to Address CPU Weakness
86819,HIGH,MS15-112: Cumulative Security Update for Internet Explorer (3104517)
86820,HIGH,MS15-113: Cumulative Security Update for Microsoft Edge (3104519)
86821,HIGH,MS15-114: Security Update for Windows Journal to Address Remote Code Execution (3100213)
86822,HIGH,MS15-115: Security Update for Microsoft Windows to Address Remote Code Execution (3105864)
86823,HIGH,MS15-116: Security Update for Microsoft Office to Address Remote Code Execution (3104540)
86824,HIGH,MS15-117: Security Update for NDIS to Address Elevation of Privilege (3101722)
86825,MEDIUM,MS15-118: Security Update for .NET Framework to Address Elevation of Privilege (3104507)
86826,HIGH,MS15-119: Security Update for Winsock to Address Elevation of Privilege (3104521)
86827,MEDIUM,MS15-121: Security Update for Schannel to Address Spoofing (3081320)
86828,MEDIUM,MS15-122: Security Update for Kerberos to Address Security Feature Bypass (3105256)
86830,MEDIUM,MS15-120: Security Update for IPSec to Address Denial of Service (3102939)
86850,CRITICAL,Adobe AIR <= 19.0.0.213 Multiple Vulnerabilities (APSB15-28)
86851,CRITICAL,Adobe Flash Player <= 19.0.0.226 Multiple Vulnerabilities (APSB15-28)
86856,CRITICAL,MS KB3103688: Update for Vulnerabilities in Adobe Flash Player in Internet Explorer and Microsoft Edge
86904,MEDIUM,Apache OpenOffice < 4.1.2 Multiple Vulnerabilities
86945,CRITICAL,VMware ESXi 5.0 < Build 3021432 OpenSLP RCE (VMSA-2015-0007)
86946,CRITICAL,VMware ESXi 5.1 < Build 3021178 OpenSLP RCE (VMSA-2015-0007)
86947,CRITICAL,VMware ESXi 5.5 < Build 3029944 OpenSLP RCE (VMSA-2015-0007)
87219,MEDIUM,OpenSSL 0.9.8 < 0.9.8zh Vulnerability
87221,MEDIUM,OpenSSL 1.0.1 < 1.0.1q Multiple Vulnerabilities
87222,MEDIUM,OpenSSL 1.0.2 < 1.0.2e Multiple Vulnerabilities
87243,CRITICAL,Adobe AIR <= 19.0.0.241 Multiple Vulnerabilities (APSB15-32)
87244,CRITICAL,Adobe Flash Player <= 19.0.0.245 Multiple Vulnerabilities (APSB15-32)
87249,CRITICAL,MS KB3119147: Update for Vulnerabilities in Adobe Flash Player in Internet Explorer and Microsoft Edge
87252,MEDIUM,MS KB3123040: Improperly Issued Digital Certificates Could Allow Spoofing
87253,HIGH,MS15-124: Cumulative Security Update for Internet Explorer (3116180)
87254,HIGH,MS15-125: Cumulative Security Update for Microsoft Edge (3116184)
87256,HIGH,MS15-127: Security Update for Microsoft Windows DNS to Address Remote Code Execution (3100465)
87257,HIGH,MS15-128: Security Update for Microsoft Graphics Component to Address Remote Code Execution (3104503)
87258,HIGH,MS15-129: Security Update for Silverlight to Address Remote Code Execution (3106614)
87259,HIGH,MS15-130: Security Update for Microsoft Uniscribe to Address Remote Code Execution (3108670)
87260,HIGH,MS15-131: Security Update for Microsoft Office to Address Remote Code Execution (3116111)
87261,HIGH,MS15-132: Security Update for Microsoft Windows to Address Remote Code Execution (3116162)
87262,HIGH,MS15-133: Security Update for Windows PGM to Address Elevation of Privilege (3116130)
87263,HIGH,MS15-134: Security Update for Windows Media Center to Address Remote Code Execution (3108669)
87264,HIGH,MS15-135: Security Update for Windows Kernel-Mode Drivers to Address Elevation of Privilege (3119075)
87313,MEDIUM,MS KB3119884: Improperly Issued Digital Certificates Could Allow Spoofing
87371,MEDIUM,Apple iTunes < 12.3.2 Multiple Vulnerabilities (credentialed check)
87476,CRITICAL,Firefox < 43 Multiple Vulnerabilities
87656,CRITICAL,Adobe AIR <= 20.0.0.204 Multiple Vulnerabilities (APSB16-01)
87657,CRITICAL,Adobe Flash Player <= 20.0.0.235 Multiple Vulnerabilities (APSB16-01)
87671,CRITICAL,MS KB3132372: Update for Vulnerabilities in Adobe Flash Player in Internet Explorer and Microsoft Edge
87673,MEDIUM,VMware ESX / ESXi Multiple DoS (VMSA-2014-0001)
87674,MEDIUM,VMware ESX / ESXi Multiple Vulnerabilities (VMSA-2014-0002)
87676,MEDIUM,VMware ESXi Multiple OpenSSL Vulnerabilities (VMSA-2014-0004) (Heartbleed)
87677,MEDIUM,VMware ESXi Tools Guest OS Privilege Escalation (VMSA-2014-0005)
87678,MEDIUM,VMware ESXi Multiple OpenSSL Vulnerabilities (VMSA-2014-0006)
87679,MEDIUM,VMware ESXi Multiple DoS (VMSA-2014-0008)
87681,MEDIUM,VMware ESXi Multiple Vulnerabilities (VMSA-2014-0012)
87848,MEDIUM,Apple QuickTime < 7.7.9 Multiple RCE (Windows)
87875,MEDIUM,MS KB3123479: Deprecation of SHA-1 Hashing Algorithm for Microsoft Root Certificate Program
87877,HIGH,MS16-001: Cumulative Security Update for Internet Explorer (3124903)
87878,HIGH,MS16-002: Cumulative Security Update for Microsoft Edge (3124904)
87880,HIGH,MS16-006: Security Update for Silverlight to Address Remote Code Execution (3126036)
87881,MEDIUM,MS16-008: Security Update for Windows Kernel to Address Elevation of Privilege (3124605)
87882,HIGH,MS16-004: Security Update for Microsoft Office to Address Remote Code Execution (3124585)
87890,HIGH,MS16-007: Security Update for Microsoft Windows to Address Remote Code Execution (3124901)
87892,HIGH,MS16-005: Security Update for Windows Kernel-Mode Drivers to Address Remote Code Execution (3124584)
87893,HIGH,MS KB3118753: Update for ActiveX Kill Bits
87894,MEDIUM,Cisco AnyConnect Secure Mobility Client 2.x < 3.1.13015.0 / 4.x < 4.2.1035.0 Arbitrary File Manipulation
87917,CRITICAL,Adobe Acrobat < 11.0.14 / 15.006.30119 / 15.010.20056 Multiple Vulnerabilities (APSB16-02)
87918,CRITICAL,Adobe Reader < 15.006.30119 / 15.010.20056 Multiple Vulnerabilities (APSB16-02)
87940,MEDIUM,ESXi 5.0 < Build 3086167 Shared Folders (HGFS) Guest Privilege Escalation (VMSA-2016-0001) (remote check)
87941,MEDIUM,ESXi 5.1 < Build 3070626 Shared Folders (HGFS) Guest Privilege Escalation (VMSA-2016-0001) (remote check)
87942,MEDIUM,ESXi 5.5 < Build 3248547 Shared Folders (HGFS) Guest Privilege Escalation (VMSA-2016-0001) (remote check)
87943,MEDIUM,ESXi 6.0 < Build 3380124 Shared Folders (HGFS) Guest Privilege Escalation (VMSA-2016-0001) (remote check)
88045,CRITICAL,Oracle Java SE Multiple Vulnerabilities (January 2016 CPU) (SLOTH)
88100,MEDIUM,Cisco AnyConnect Secure Mobility Client < 3.1.13015.0 / 4.2.x < 4.2.1035.0 Multiple OpenSSL Vulnerabilities
88461,CRITICAL,Firefox < 44 Multiple Vulnerabilities
88529,MEDIUM,OpenSSL 1.0.1 < 1.0.1r Vulnerability
88530,MEDIUM,OpenSSL 1.0.2 < 1.0.2f Multiple Vulnerabilities
88638,HIGH,Adobe AIR <= 20.0.0.233 Multiple Vulnerabilities (APSB16-04)
88639,HIGH,Adobe Flash Player <= 20.0.0.286 Multiple Vulnerabilities (APSB16-04)
88642,HIGH,MS16-009: Cumulative Security Update for Internet Explorer (3134220)
88643,HIGH,MS16-011: Cumulative Security Update for Microsoft Edge (3134225)
88644,HIGH,MS16-012: Security Update for Microsoft Windows PDF Library to Address Remote Code Execution (3138938)
88645,HIGH,MS16-013: Security Update for Windows Journal to Address Remote Code Execution (3134811)
88646,HIGH,MS16-014: Security Update for Microsoft Windows to Address Remote Code Execution (3134228)
88647,HIGH,MS16-015: Security Update for Microsoft Office to Address Remote Code Execution (3134226)
88648,HIGH,MS16-016: Security Update for WebDAV to Address Elevation of Privilege (3136041)
88649,HIGH,MS16-017: Security Update for Remote Desktop Display Driver to Address Elevation of Privilege (3134700)
88650,HIGH,MS16-018: Security Update for Windows Kernel-Mode Drivers to Address Elevation of Privilege (3136082)
88651,MEDIUM,MS16-019: Security Update for .NET Framework to Address Denial of Service (3137893)
88652,MEDIUM,MS16-020: Security Update for Active Directory Federation Services to Address Denial of Service (3134222)
88653,MEDIUM,MS16-021: Security Update for NPS RADIUS Server to Address Denial of Service (3133043)
88654,HIGH,MS16-022: Security Update for Adobe Flash Player (3135782)
88694,CRITICAL,PHP 5.6.x < 5.6.18 Multiple Vulnerabilities
88754,MEDIUM,Firefox < 44.0.2 Service Workers Security Bypass
88906,MEDIUM,ESXi 5.5 < Build 3568722 / 6.0 < Build 3568940 glibc DNS Resolver RCE (VMSA-2016-0002) (remote check)
88936,MEDIUM,Apache Tomcat 7.0.0 < 7.0.68 multiple vulnerabilities
89035,HIGH,VMware ESX / ESXi Multiple Vulnerabilities (VMSA-2012-0009) (remote check)
89036,HIGH,VMware ESX / ESXi Multiple Vulnerabilities (VMSA-2012-0011) (remote check)
89037,HIGH,VMware ESX / ESXi libxml2 Multiple Vulnerabilities (VMSA-2012-0012) (remote check)
89038,HIGH,VMware ESX / ESXi Third-Party Libraries Multiple Vulnerabilities (VMSA-2012-0013) (remote check)
89081,CRITICAL,OpenSSL 1.0.1 < 1.0.1s Multiple Vulnerabilities
89082,CRITICAL,OpenSSL 1.0.2 < 1.0.2g Multiple Vulnerabilities
89103,HIGH,Wireshark 1.12.x < 1.12.10 Multiple Vulnerabilities
89104,HIGH,Wireshark 2.0.x < 2.0.2 Multiple Vulnerabilities
89105,HIGH,VMware ESX / ESXi Service Console and Third-Party Libraries Multiple Vulnerabilities (VMSA-2012-0001) (remote check)
89106,CRITICAL,VMware ESX / ESXi Multiple Vulnerabilities (VMSA-2012-0005) (BEAST) (remote check)
89108,HIGH,VMware ESX / ESXi Tools Folder Incorrect ACL Privilege Escalation  (VMSA-2012-0007) (remote check)
89678,HIGH,VMware ESX / ESXi Multiple Vulnerabilities (VMSA-2011-0009) (remote check)
89680,HIGH,VMware ESX / ESXi Third-Party Libraries Multiple Vulnerabilities (VMSA-2011-0012) (remote check)
89746,HIGH,MS16-023: Cumulative Security Update for Internet Explorer (3142015)
89747,HIGH,MS16-024: Cumulative Security Update for Microsoft Edge (3142019)
89748,HIGH,MS16-025: Security Update for Windows Library Loading to Address Remote Code Execution (3140709)
89749,HIGH,MS16-026: Security Update for Graphic Fonts to Address Remote Code Execution (3143148)
89750,HIGH,MS16-027: Security Update for Windows Media to Address Remote Code Execution (3143146)
89751,HIGH,MS16-028: Security Update for Microsoft Windows PDF Library to Address Remote Code Execution (3143081)
89752,HIGH,MS16-029: Security Update for Microsoft Office to Address Remote Code Execution (3141806)
89753,HIGH,MS16-030: Security Update for Windows OLE to Address Remote Code Execution (3143136)
89754,HIGH,MS16-031: Security Update for Microsoft Windows to Address Elevation of Privilege (3140410)
89755,HIGH,MS16-032: Security Update for Secondary Logon to Address Elevation of Privilege (3143141)
89756,HIGH,MS16-034: Security Update for Windows Kernel-Mode Drivers to Address Elevation of Privilege (3143145)
89757,CRITICAL,MS16-035: Security Update for .NET Framework to Address Security Feature Bypass (3141780)
89779,HIGH,MS16-033: Security Update for Windows USB Mass Storage Class Driver to Address Elevation of Privilege (3143142)
89830,CRITICAL,Adobe Acrobat < 11.0.15 / 15.006.30121 / 15.010.20060 Multiple Vulnerabilities (APSB16-09)
89831,CRITICAL,Adobe Reader < 15.006.30121 / 15.010.20060 Multiple Vulnerabilities (APSB16-09)
89834,HIGH,Adobe Flash Player <= 20.0.0.306 Multiple Vulnerabilities (APSB16-08)
89835,HIGH,MS16-036: Security Update for Adobe Flash Player (3144756)
89868,HIGH,Adobe AIR <= 20.0.0.260 Multiple Vulnerabilities (APSB16-08)
89875,CRITICAL,Firefox < 45 Multiple Vulnerabilities
90008,HIGH,PHP 5.6.x < 5.6.19 Multiple Vulnerabilities
90265,MEDIUM,Dell iDRAC6 / iDRAC7 / iDRAC8 Path Traversal Authentication Bypass
90358,HIGH,Cisco IOS Smart Install Packet Image List Parameter Handling DoS (cisco-sa-20160323-smi)
90361,HIGH,PHP 5.6.x < 5.6.20 Multiple Vulnerabilities
90425,CRITICAL,Adobe Flash Player <= 21.0.0.197 Multiple Vulnerabilities (APSB16-10)
90431,HIGH,MS16-037: Cumulative Security Update for Internet Explorer (3148531)
90432,HIGH,MS16-038: Cumulative Security Update for Microsoft Edge (3148532)
90433,HIGH,MS16-039: Security Update for Microsoft Graphics Component (3148522)
90434,HIGH,MS16-040: Security Update for Microsoft XML Core Services (3148541)
90435,HIGH,MS16-041: Security Update for .NET Framework (3148789)
90436,HIGH,MS16-042: Security Update for Microsoft Office (3148775)
90437,HIGH,MS16-044: Security Update for Windows OLE (3146706)
90438,HIGH,MS16-045: Security Update for Windows Hyper-V (3143118)
90439,HIGH,MS16-046: Security Update for Secondary Logon (3148538)
90440,MEDIUM,MS16-047: Security Update for SAM and LSAD Remote Protocols (3148527) (Badlock)
90441,HIGH,MS16-048: Security Update for CSRSS (3148528)
90442,HIGH,MS16-049: Security Update for HTTP.sys (3148795)
90443,CRITICAL,MS16-050: Security Update for Adobe Flash Player (3154132)
90510,MEDIUM,MS16-047: Security Update for SAM and LSAD Remote Protocols (3148527) (Badlock) (uncredentialed check)
90567,MEDIUM,Foxit Reader < 7.3.4 Multiple Vulnerabilities
90625,CRITICAL,Oracle Java SE Multiple Vulnerabilities (April 2016 CPU)
90786,MEDIUM,Wireshark 1.12.x < 1.12.11 Multiple DoS
90787,MEDIUM,Wireshark 2.0.x < 2.0.3 Multiple DoS
90793,CRITICAL,Firefox < 46 Multiple Vulnerabilities
90828,HIGH,Oracle Java SE Hotspot JSR 292 Method Handles RCE
90888,CRITICAL,OpenSSL 1.0.1 < 1.0.1o Vulnerability
90890,MEDIUM,OpenSSL 1.0.1 < 1.0.1t Multiple Vulnerabilities
90891,MEDIUM,OpenSSL 1.0.2 < 1.0.2h Multiple Vulnerabilities
90921,HIGH,PHP 5.6.x < 5.6.21 Multiple Vulnerabilities
91001,HIGH,MS16-051: Cumulative Security Update for Internet Explorer (3155533)
91002,HIGH,MS16-052: Cumulative Security Update for Microsoft Edge (3155538)
91004,HIGH,MS16-054: Security Update for Microsoft Office (3155544)
91005,HIGH,MS16-055: Security Update for Microsoft Graphics Component (3156754)
91006,HIGH,MS16-056: Security Update for Windows Journal (3156761)
91007,HIGH,MS16-057: Security Update for Windows Shell (3156987)
91009,HIGH,MS16-059: Security Update for Windows Media Center (3150220)
91010,HIGH,MS16-060: Security Update for Windows Kernel (3154846)
91011,HIGH,MS16-061: Security Update for Microsoft RPC (3155520)
91012,HIGH,MS16-062: Security Update for Windows Kernel-Mode Drivers (3158222)
91013,CRITICAL,MS16-064: Security Update for Adobe Flash Player (3163207)
91014,MEDIUM,MS16-065: Security Update for .NET Framework (3156757)
91015,LOW,MS16-066: Security Update for Virtual Secure Mode (3155451)
91016,LOW,MS16-067: Security Update for Volume Manager Driver (3155784)
91045,MEDIUM,MS KB3155527: Update to Cipher Suites for FalseStart
91096,CRITICAL,Adobe Acrobat < 11.0.16 / 15.006.30172 / 15.016.20039 Multiple Vulnerabilities (APSB16-14)
91097,CRITICAL,Adobe Reader < 15.006.30172 / 15.016.20039 Multiple Vulnerabilities (APSB16-14)
91162,CRITICAL,Adobe AIR <= 21.0.0.198 Multiple Vulnerabilities (APSB16-15)
91163,CRITICAL,Adobe Flash Player <= 21.0.0.226 Multiple Vulnerabilities (APSB16-15)
91230,HIGH,7-Zip < 16.00 Multiple Vulnerabilities
91347,HIGH,Apple iTunes < 12.4 DLL Injection Arbitrary Code Execution (credentialed check)
91386,HIGH,Adobe Creative Cloud <= 3.5.1.209 Arbitrary File Read/Write Vulnerability
91442,HIGH,PHP 5.6.x < 5.6.22 Multiple Vulnerabilities
91547,HIGH,Firefox < 47 Multiple Vulnerabilities
91596,HIGH,MS16-063: Cumulative Security Update for Internet Explorer (3163649)
91599,CRITICAL,MS16-071: Security Update for Microsoft Windows DNS Server (3164065)
91600,HIGH,MS16-072: Security Update for Group Policy (3163622)
91601,MEDIUM,MS16-073: Security Update for Windows Kernel-Mode Drivers (3164028)
91602,MEDIUM,MS16-074: Security Update for Microsoft Graphics Component (3164036)
91603,MEDIUM,MS16-075: Security Update for Windows SMB Server (3164038)
91604,HIGH,MS16-076: Security Update for Netlogon (3167691)
91605,CRITICAL,MS16-077: Security Update for WPAD (3165191)
91607,HIGH,MS16-080: Security Update for Microsoft Windows PDF (3164302)
91609,LOW,MS16-082: Security Update for Microsoft Windows Search Component (3165270)
91611,HIGH,MS16-070: Security Update for Microsoft Office (3163610)
91670,CRITICAL,Adobe Flash Player <= 21.0.0.242 Multiple Vulnerabilities (APSB16-18)
91672,CRITICAL,MS16-083: Security Update for Adobe Flash Player (3167685)
91713,MEDIUM,VMware vCenter Server 5.0.x < 5.0u3g / 5.1.x < 5.1u3d / 5.5.x < 5.5u2d Reflected XSS (VMSA-2016-0009)
91820,MEDIUM,Wireshark 1.12.x < 1.12.12 Multiple DoS
91821,MEDIUM,Wireshark 2.0.x < 2.0.4 Multiple DoS
91898,HIGH,PHP 5.6.x < 5.6.23 Multiple Vulnerabilities
92012,CRITICAL,Adobe Flash Player <= 22.0.0.192 Multiple Vulnerabilities (APSB16-25)
92015,HIGH,MS16-084: Cumulative Security Update for Internet Explorer (3169991)
92018,HIGH,MS16-087: Security Update for Windows Print Spooler (3170005)
92019,HIGH,MS16-088: Security Update for Microsoft Office (3170008)
92021,HIGH,MS16-090: Security Update for Windows Kernel-Mode Drivers (3171481)
92022,MEDIUM,MS16-091: Security Update for .NET Framework (3170048)
92023,LOW,MS16-092: Security Update for Windows Kernel (3171910)
92024,CRITICAL,MS16-093: Security Update for Adobe Flash Player (3174060)
92025,LOW,MS16-094: Security Update for Secure Boot (3177404)
92034,CRITICAL,Adobe Acrobat < 11.0.17 / 15.006.30198 / 15.017.20050 Multiple Vulnerabilities (APSB16-26)
92035,CRITICAL,Adobe Reader < 15.006.30198 / 15.017.20050 Multiple Vulnerabilities (APSB16-26)
92320,MEDIUM,Apache 2.4.18 / 2.4.20 X.509 Certificate Authentication Bypass
92410,CRITICAL,Apple iTunes < 12.4.2 Multiple Vulnerabilities (credentialed check)
92516,HIGH,Oracle Java SE Multiple Vulnerabilities (July 2016 CPU)
92555,HIGH,PHP 5.6.x < 5.6.24 Multiple Vulnerabilities (httpoxy)
92755,HIGH,Firefox < 48 Multiple Vulnerabilities
92816,MEDIUM,Wireshark 1.12.x < 1.12.13 Multiple DoS
92817,MEDIUM,Wireshark 2.0.x < 2.0.5 Multiple DoS
92819,HIGH,MS16-095: Cumulative Security Update for Internet Explorer (3177356)
92821,HIGH,MS16-098: Security Update for Windows Kernel-Mode Drivers (3178466)
92822,MEDIUM,MS16-100: Security Update for Secure Boot (3179577)
92823,HIGH,MS16-101: Security Update for Windows Authentication Methods (3178465)
92824,HIGH,MS16-102: Security Update for Microsoft Windows PDF Library (3182248)
92839,HIGH,MS16-099: Security Update for Microsoft Office (3177451)
92843,HIGH,MS16-097: Security Update for Microsoft Graphics Component (3177393)
92949,MEDIUM,ESXi 5.0 / 5.1 / 5.5 / 6.0 Multiple Vulnerabilities (VMSA-2016-0010) (remote check)
93077,HIGH,PHP 5.6.x < 5.6.25 Multiple Vulnerabilities
93112,MEDIUM,OpenSSL < 1.0.2i Default Weak 64-bit Block Cipher (SWEET32)
93382,HIGH,Cisco AnyConnect Secure Mobility Client 4.2.x < 4.2.5015.0 / 4.3.x < 4.3.2039.0 Privilege Escalation Vulnerability
93461,HIGH,Adobe Flash Player <= 22.0.0.211 Multiple Vulnerabilities (APSB16-29)
93464,HIGH,MS16-104: Cumulative Security Update for Internet Explorer (3183038)
93466,HIGH,MS16-106: Security Update for Microsoft Graphics Component (3185848)
93468,HIGH,MS16-109: Security Update for Silverlight (3182373)
93469,HIGH,MS16-110: Security Update for Microsoft Windows (3178467)
93470,MEDIUM,MS16-111: Security Update for Windows Kernel (3186973)
93471,MEDIUM,MS16-112: Security Update for Windows Lock Screen (3178469)
93473,HIGH,MS16-114: Security Update for Windows SMBv1 Server (3185879)
93474,MEDIUM,MS16-115: Security Update for Microsoft Windows PDF Library (3188733)
93475,HIGH,MS16-117: Security Update for Adobe Flash Player (3188128)
93481,HIGH,MS16-107: Security Update for Microsoft Office (3185852)
93523,MEDIUM,Adobe AIR <= 22.0.0.153 Android Applications Runtime Analytics MitM (APSB16-31)
93650,CRITICAL,Dropbear SSH Server < 2016.72 Multiple Vulnerabilities
93651,HIGH,MS16-116: Security Update in OLE Automation for VBScript Scripting Engine (3188724)
93656,HIGH,PHP 5.6.x < 5.6.26 Multiple Vulnerabilities
93662,HIGH,Mozilla Firefox < 49.0 Multiple Vulnerabilities
93814,HIGH,OpenSSL 1.0.1 < 1.0.1u Multiple Vulnerabilities
93815,HIGH,OpenSSL 1.0.2 < 1.0.2i Multiple Vulnerabilities
93960,HIGH,Adobe Flash Player <= 23.0.0.162 Multiple Vulnerabilities (APSB16-32)
94011,HIGH,MS16-118: Cumulative Security Update for Internet Explorer (3192887)
94012,CRITICAL,MS16-123: Security Update for Windows Kernel-Mode Drivers (3192892)
94013,MEDIUM,MS16-124: Security Update for Windows Registry (3193227)
94014,HIGH,MS16-122: Security Update for Microsoft Video Control (3195360)
94016,HIGH,MS16-121: Security Update for Microsoft Office (3194063)
94017,CRITICAL,MS16-120: Security Update for Microsoft Graphics Component (3192884)
94055,HIGH,Adobe Creative Cloud Desktop < 3.8.0.310 Unquoted Search Path Local Privilege Escalation (APSB16-34)
94071,CRITICAL,Adobe Acrobat < 11.0.18 / 15.006.30243 / 15.020.20039 Multiple Vulnerabilities (APSB16-33)
94072,CRITICAL,Adobe Reader < 15.006.30243 / 15.020.20039 Multiple Vulnerabilities (APSB16-33)
94106,CRITICAL,PHP 5.6.x < 5.6.27 Multiple Vulnerabilities
94138,HIGH,Oracle Java SE Multiple Vulnerabilities (October 2016 CPU)
94199,HIGH,Apache OpenOffice < 4.1.3 Multiple Vulnerabilities
94232,HIGH,Mozilla Firefox 48.x / 49.x < 49.0.2 Multiple Vulnerabilities
94252,HIGH,Cisco IOS Software CIP Request DoS (cisco-sa-20160928-cip)
94334,HIGH,Adobe Flash Player <= 23.0.0.185 Arbitrary Code Execution (APSB16-36)
94340,HIGH,MS16-128: Security Update for Adobe Flash Player (3201860)
94578,MEDIUM,Apache Tomcat 8.5.0 < 8.5.5 multiple vulnerabilities
94610,HIGH,PostgreSQL 9.1.x < 9.1.24 / 9.2.x < 9.2.19 / 9.3.x < 9.3.15 / 9.4.x < 9.4.10 / 9.5.x < 9.5.5 / 9.6.x < 9.6.1 Aggregate Functions Use-after-free DoS
94628,HIGH,Adobe Flash Player <= 23.0.0.205 Multiple Vulnerabilities (APSB16-37)
94630,HIGH,MS16-129: Cumulative Security Update for Microsoft Edge (3199057)
94631,HIGH,MS16-130: Security Update for Microsoft Windows (3199172)
94632,HIGH,MS16-131: Security Update for Microsoft Video Control (3199151)
94633,HIGH,MS16-132: Security Update for Microsoft Graphics Component (3199120)
94634,HIGH,MS16-133: Security Update for Microsoft Office (3199168)
94635,HIGH,MS16-134: Security Update for Common Log File System Driver (3193706)
94636,HIGH,MS16-135: Security Update for Windows Kernel-Mode Drivers (3199135)
94637,MEDIUM,MS16-136: Security Update for SQL Server (3199641)
94638,HIGH,MS16-137: Security Update for Windows Authentication Methods (3199173)
94639,LOW,MS16-138: Security Update for Microsoft Virtual Hard Disk Driver (3199647)
94641,MEDIUM,MS16-140: Security Update for Boot Manager (3193479)
94642,HIGH,MS16-141: Security Update for Adobe Flash Player (3202790)
94643,HIGH,MS16-142: Cumulative Security Update for Internet Explorer (3198467)
94914,MEDIUM,Apple iTunes < 12.5.1 Multiple Vulnerabilities (credentialed check)
94915,MEDIUM,Apple iTunes < 12.5.2 Multiple Vulnerabilities (credentialed check)
94955,MEDIUM,PHP 5.6.x < 5.6.28 Multiple Vulnerabilities
94960,HIGH,Mozilla Firefox < 50.0 Multiple Vulnerabilities
95438,HIGH,Apache Tomcat 8.5.0 < 8.5.8 multiple vulnerabilities
95468,MEDIUM,VMware vCenter Server 5.5.x < 5.5u3e / 6.0.x < 6.0u2a Multiple XXE Vulnerabilities (VMSA-2016-0022)
95475,MEDIUM,Mozilla Firefox < 50.0.2 nsSMILTimeContainer.cpp SVG Animation RCE
95657,MEDIUM,VMware vSphere Client XXE Injection Information Disclosure (VMSA-2016-0022)
95762,HIGH,Adobe Flash Player <= 23.0.0.207 Multiple Vulnerabilities (APSB16-39)
95764,HIGH,MS16-144: Cumulative Security Update for Internet Explorer (3204059)
95765,HIGH,MS16-146: Security Update for Microsoft Graphics Component (3204066)
95766,HIGH,MS16-147: Security Update for Microsoft Uniscribe (3204063)
95767,MEDIUM,MS16-150: Security Update for Secure Kernel Mode (3205642)
95768,HIGH,MS16-151: Security Update for Windows Kernel-Mode Drivers (3205651)
95770,LOW,MS16-153: Security Update for Common Log File System Driver (3207328)
95771,HIGH,MS16-154: Security Update for Adobe Flash Player (3209498)
95772,MEDIUM,MS16-155: Security Update for .NET Framework (3205640)
95809,HIGH,MS16-145: Cumulative Security Update for Microsoft Edge (3204062)
95811,HIGH,MS16-148: Security Update for Microsoft Office (3204068)
95813,HIGH,MS16-149: Security Update for Microsoft Windows (3205655)
95824,MEDIUM,Apple iTunes < 12.5.4 Multiple Vulnerabilities (credentialed check)
95874,HIGH,PHP 5.6.x < 5.6.29 Multiple Vulnerabilities
95886,HIGH,Mozilla Firefox < 50.1 Multiple Vulnerabilities
95951,HIGH,Cisco AnyConnect Secure Mobility Client 3.1.x < 4.3.4019.0 / 4.4.x < 4.4.225.0 Privilege Escalation
96003,MEDIUM,Apache Tomcat 8.5.0 < 8.5.9
96388,HIGH,Adobe Flash Player <= 24.0.0.186 Multiple Vulnerabilities (APSB17-02)
96390,MEDIUM,MS17-001: Security Update for Microsoft Edge (3214288)
96391,HIGH,MS17-002: Security Update for Microsoft Office (3214291)
96392,HIGH,MS17-003: Security Update for Adobe Flash Player (3214628)
96393,HIGH,MS17-004: Security Update for Local Security Authority Subsystem Service (3216771)
96451,MEDIUM,Apache 2.4.x < 2.4.25 Multiple Vulnerabilities (httpoxy)
96452,CRITICAL,Adobe Acrobat < 11.0.19 / 15.006.30279 / 15.023.20053 Multiple Vulnerabilities (APSB17-01)
96453,CRITICAL,Adobe Reader < 15.006.30279 / 15.023.20053 Multiple Vulnerabilities (APSB17-01)
96628,MEDIUM,Oracle Java SE Multiple Vulnerabilities (January 2017 CPU) (SWEET32)
96776,HIGH,Mozilla Firefox < 51.0 Multiple Vulnerabilities
96799,HIGH,PHP 5.6.x < 5.6.30 Multiple DoS
96830,MEDIUM,Apple iTunes < 12.5.5 Multiple Vulnerabilities (credentialed check)
96873,MEDIUM,OpenSSL 1.0.2 < 1.0.2k Multiple Vulnerabilities
97142,HIGH,Adobe Flash Player <= 24.0.0.194 Multiple Vulnerabilities (APSB17-04)
97325,HIGH,MS17-005: Security Update for Adobe Flash Player (4010250)
97435,HIGH,PostgreSQL 9.2.x < 9.2.20 / 9.3.x < 9.3.16 / 9.4.x < 9.4.11 / 9.5.x < 9.5.6 / 9.6.x < 9.6.2 Multiple Vulnerabilities
97574,HIGH,Wireshark 2.0.x < 2.0.11 / 2.2.x < 2.2.5 Multiple DoS
97639,CRITICAL,Mozilla Firefox < 52.0 Multiple Vulnerabilities
97727,HIGH,Adobe Flash Player <= 24.0.0.221 Multiple Vulnerabilities (APSB17-07)
97729,HIGH,MS17-006: Cumulative Security Update for Internet Explorer (4013073)
97730,HIGH,MS17-007: Cumulative Security Update for Microsoft Edge (4013071)
97731,HIGH,MS17-009: Security Update for Microsoft Windows PDF Library (4010319)
97732,HIGH,MS17-011: Security Update for Microsoft Uniscribe (4013076)
97733,HIGH,MS17-017: Security Update for Windows Kernel (4013081)
97735,HIGH,MS17-023: Security Update for Adobe Flash Player (4014329)
97737,HIGH,MS17-010: Security Update for Microsoft Windows SMB Server (4013389) (ETERNALBLUE) (ETERNALCHAMPION) (ETERNALROMANCE) (ETERNALSYNERGY) (WannaCry) (EternalRocks) (Petya)
97738,HIGH,MS17-018: Security Update for Windows Kernel-Mode Drivers (4013083)
97740,HIGH,MS17-014: Security Update for Microsoft Office (4013241)
97743,HIGH,MS17-012: Security Update for Microsoft Windows (4013078)
97745,HIGH,MS17-008: Security Update for Windows Hyper-V (4013082)
97794,HIGH,MS17-013: Security Update for Microsoft Graphics Component (4013075)
97833,HIGH,MS17-010: Security Update for Microsoft Windows SMB Server (4013389) (ETERNALBLUE) (ETERNALCHAMPION) (ETERNALROMANCE) (ETERNALSYNERGY) (WannaCry) (EternalRocks) (Petya) (uncredentialed check)
97835,MEDIUM,Adobe Shockwave Player <= 12.2.7.197 DLL Hijacking (APSB17-08)
97991,CRITICAL,Cisco IOS Cluster Management Protocol Telnet Option Handling RCE (cisco-sa-20170317-cmp)
97997,CRITICAL,Intel Management Engine Insecure Read / Write Operations RCE (INTEL-SA-00075)
97998,CRITICAL,Intel Management Engine Insecure Read / Write Operations RCE (INTEL-SA-00075) (remote check)
97999,CRITICAL,Intel Management Engine Authentication Bypass (INTEL-SA-00075) (remote check)
99028,HIGH,Cisco IOS L2TP Parsing DoS (cisco-sa-20170322-l2tp)
99125,HIGH,Mozilla Firefox < 52.0.1
99129,HIGH,ESXi 5.5 < Build 5230635 Multiple Vulnerabilities (VMSA-2017-0006) (remote check)
99130,HIGH,ESXi 6.0 U1 < Build 5251621 / 6.0 U2 < Build 5251623 / 6.0 U3 < Build 5224934 Multiple Vulnerabilities (VMSA-2017-0006) (remote check)
99131,HIGH,ESXi 6.5 < Build 5224529 Multiple Vulnerabilities (VMSA-2017-0006) (remote check)
99283,CRITICAL,Adobe Flash Player <= 25.0.0.127 Multiple Vulnerabilities (APSB17-10)
99286,HIGH,KB4015217: Windows 10 1607 April 2017 Cumulative Update
99289,MEDIUM,KB4017094: Security Update for the libjpeg Information Disclosure Vulnerability for Microsoft Silverlight 5 (April 2017)
99290,CRITICAL,KB4018483: Security update for Adobe Flash Player (April 2017)
99304,HIGH,Windows 7 and Windows 2008 R2 April 2017 Security Updates (Petya)
99312,HIGH,Windows 8.1 and Windows Server 2012 R2 April 2017 Security Updates
99314,HIGH,Security Update for Microsoft Office Products (April 2017) (Petya)
99365,HIGH,Security and Quality Rollup for .NET Framework (April 2017)
99366,HIGH,Adobe Creative Cloud Desktop < 4.0.0.185 Multiple Vulnerabilities (APSB17-13)
99367,MEDIUM,Apache Tomcat 8.0.0.RC1 < 8.0.43
99373,CRITICAL,Adobe Acrobat < 11.0.20 / 2015.006.30306 / 2017.009.20044 Multiple Vulnerabilities (APSB17-11)
99374,CRITICAL,Adobe Reader < 2015.006.30306 / 2017.009.20044 Multiple Vulnerabilities (APSB17-11)
99437,HIGH,Wireshark 2.0.x < 2.0.12 / 2.2.x < 2.2.6 Multiple DoS
99475,HIGH,VMware vCenter Server 6.0.x < 6.0u3b / 6.5.x < 6.5c BlazeDS AMF3 RCE (VMSA-2017-0007)
99523,CRITICAL,Microsoft Windows Server 2003 IIS 6.0 WebDAV PROPFIND Request Handling RCE (EXPLODINGCAN)
99588,MEDIUM,Oracle Java SE Multiple Vulnerabilities (April 2017 CPU)
99631,HIGH,Mozilla Firefox ESR < 52.1
99632,HIGH,Mozilla Firefox < 53.0
99687,HIGH,Cisco IOS EnergyWise DoS (cisco-sa-20170419-energywise)
99731,CRITICAL,Adobe ColdFusion BlazeDS Java Object Deserialization RCE
100025,HIGH,Apple iTunes < 12.6 Multiple Vulnerabilities (credentialed check)
100051,HIGH,MS Security Advisory 4022344: Security Update for Microsoft Malware Protection Engine
100052,HIGH,Adobe Flash Player <= 25.0.0.148 Multiple Vulnerabilities (APSB17-15)
100054,HIGH,Windows Server 2012 May 2017 Security Updates
100057,HIGH,Windows 8.1 and Windows Server 2012 R2 May 2017 Security Updates
100058,HIGH,Windows 7 and Windows Server 2008 R2 May 2017 Security Updates
100059,HIGH,KB4019472: Windows 10 Version 1607 and Windows Server 2016 May 2017 Cumulative Update
100062,HIGH,KB4020821: Security update for Adobe Flash Player (May 2017)
100103,HIGH,Security Update for Microsoft Office Products (May 2017)
100126,MEDIUM,Mozilla Firefox ESR < 52.1.1
100127,MEDIUM,Mozilla Firefox < 53.0.2
100300,MEDIUM,Apple iTunes < 12.6.1 WebKit Memory Corruption RCE (credentialed check)
100464,HIGH,Microsoft Windows SMBv1 Multiple Vulnerabilities
100551,HIGH,Microsoft Malware Protection Engine < 1.1.13804 Multiple Vulnerabilities
100592,MEDIUM,VLC Media Player < 2.2.5 Multiple Vulnerabilities
100671,HIGH,Wireshark 2.0.x < 2.0.13 / 2.2.x < 2.2.7 Multiple DoS
100681,MEDIUM,Apache Tomcat 8.5.0 < 8.5.15
100756,CRITICAL,Adobe Flash Player <= 25.0.0.171 Multiple Vulnerabilities (APSB17-17)
100760,CRITICAL,KB4022715: Windows 10 Version 1607 and Windows Server 2016 June 2017 Cumulative Update
100761,CRITICAL,Windows 7 and Windows Server 2008 R2 June 2017 Security Updates
100762,CRITICAL,Windows Server 2012 June 2017 Security Updates
100763,CRITICAL,KB4022725: Windows 10 Version 1703 June 2017 Cumulative Update
100764,CRITICAL,Windows 8.1 and Windows Server 2012 R2 June 2017 Security Updates
100766,CRITICAL,KB4022730: Security update for Adobe Flash Player (June 2017)
100767,HIGH,KB4023307: Security Update for the Windows Uniscribe Remote Code Execution Vulnerability for Microsoft Silverlight 5 (June 2017)
100768,HIGH,Security Update for Live Meeting 2007 / Lync 2010 and 2013 / Skype for Business 2016 (June 2017)
100782,HIGH,Security Update for Microsoft Office Products (June 2017)
100785,CRITICAL,Microsoft Security Advisory 4025685: Windows Vista (June 2017)
100790,HIGH,Cisco AnyConnect Secure Mobility Client < 4.4.02034 Local Privilege Escalation
100791,CRITICAL,Microsoft Security Advisory 4025685: Guidance for older platforms (XP / 2003) (EXPLODINGCAN)
100806,CRITICAL,Adobe Shockwave Player <= 12.2.8.198 Memory Corruption RCE (APSB17-18)
100809,HIGH,Mozilla Firefox ESR < 52.2 Multiple Vulnerabilities
100810,HIGH,Mozilla Firefox < 54.0
100838,HIGH,Cisco TelePresence Endpoint SIP INVITE Packet Flood DoS (cisco-sa-20170607-tele)
100995,HIGH,Apache 2.2.x < 2.2.33-dev / 2.4.x < 2.4.26 Multiple Vulnerabilities
101027,HIGH,Microsoft Malware Protection Engine < 1.1.13903 RCE
101362,HIGH,Adobe Flash Player <= 26.0.0.131 Multiple Vulnerabilities (APSB17-21)
101365,CRITICAL,Windows 8.1 and Windows Server 2012 R2 July 2017 Security Updates
101366,CRITICAL,KB4025339: Windows 10 Version 1607 and Windows Server 2016 July 2017 Cumulative Update
101367,CRITICAL,Windows 7 and Windows Server 2008 R2 July 2017 Security Updates
101370,HIGH,KB4025376: Security update for Adobe Flash Player (July 2017)
101371,HIGH,Security Update for Microsoft Office Products (July 2017)
101374,CRITICAL,Windows 2008 July 2017 Multiple Security Updates
101375,CRITICAL,Windows Server 2012 July 2017 Security Updates
101523,HIGH,Foxit PhantomPDF < 8.3.1 Multiple Vulnerabilities
101524,HIGH,Foxit Reader < 8.3.1 Multiple Vulnerabilities
101525,HIGH,PHP 5.6.x < 5.6.31 Multiple Vulnerabilities
101787,HIGH,Apache 2.2.x < 2.2.34 Multiple Vulnerabilities
101788,MEDIUM,Apache 2.4.x < 2.4.27 Multiple Vulnerabilities
101843,MEDIUM,Oracle Java SE Multiple Vulnerabilities (July 2017 CPU)
101898,HIGH,Wireshark 2.0.x < 2.0.14 / 2.2.x < 2.2.8 Multiple DoS
101954,HIGH,Apple iTunes < 12.6.2 Multiple Vulnerabilities (credentialed check)
102035,HIGH,Security Updates for Outlook (July 2017)
102262,HIGH,Adobe Flash Player <= 26.0.0.137 Multiple Vulnerabilities (APSB17-23)
102264,HIGH,KB4034658: Windows 10 Version 1607 and Windows Server 2016 August 2017 Cumulative Update
102266,HIGH,KB4034662: Security update for Adobe Flash Player (August 2017)
102267,HIGH,Windows 7 and Windows Server 2008 R2 August 2017 Security Updates
102268,HIGH,Windows Server 2012 August 2017 Security Updates
102270,HIGH,Windows 8.1 and Windows Server 2012 R2 August 2017 Security Updates
102358,CRITICAL,Mozilla Firefox ESR < 52.3
102359,CRITICAL,Mozilla Firefox < 55.0
102427,CRITICAL,Adobe Acrobat < 11.0.21 / 2015.006.30355 / 2017.011.30066 / 2017.012.20098 Multiple Vulnerabilities (APSB17-24)
102428,CRITICAL,Adobe Reader < 11.0.21 / 2015.006.30355 / 2017.011.30066 / 2017.012.20098 Multiple Vulnerabilities (APSB17-24)
102587,MEDIUM,Apache Tomcat 7.0.41 < 7.0.79
102682,HIGH,Foxit PhantomPDF < 7.3.15 Multiple Vulnerabilities
102683,CRITICAL,Microsoft Windows Search Remote Code Execution Vulnerability (CVE-2017-8543)
102698,MEDIUM,ESXi 6.0 < Build 5485776 Multiple Vulnerabilities (VMSA-2017-0015) (remote check)
102803,CRITICAL,HP iLO 4 <= 2.52 RCE
102858,MEDIUM,Foxit PhantomPDF < 8.3.2 Multiple Vulnerabilities
102919,HIGH,Wireshark 2.0.x < 2.0.15 Multiple DoS
102920,HIGH,Wireshark 2.2.x < 2.2.9 Multiple DoS
102993,MEDIUM,Google Chrome < 61.0.3163.79 Multiple Vulnerabilities
103122,HIGH,Security Updates for Microsoft Publisher Products (September 2017)
103123,HIGH,Security Updates for Microsoft Skype for Business and Microsoft Lync and Microsoft Live Meeting (September 2017)
103124,HIGH,Adobe Flash Player <= 26.0.0.151 Multiple Vulnerabilities (APSB17-28)
103127,HIGH,Windows 7 and Windows Server 2008 R2 September 2017 Security Updates
103128,HIGH,KB4038782: Windows 10 Version 1607 and Windows Server 2016 September 2017 Cumulative Update
103131,HIGH,Windows 8.1 and Windows Server 2012 R2 September 2017 Security Updates
103132,HIGH,Windows Server 2012 September 2017 Security Updates
103133,HIGH,Security Updates for Microsoft Office Products (September 2017)
103134,HIGH,Security Updates for Microsoft Office Compatibility Pack SP3 (September 2017)
103135,HIGH,Security Updates for Microsoft Office Viewers (September 2017)
103136,HIGH,Security Updates for Microsoft Powerpoint Products (September 2017)
103137,HIGH,Security and Quality Rollup for .NET Framework (Sep 2017)
103138,HIGH,Security Update for Microsoft Office Excel Products (September 2017)
103220,HIGH,KB4038806: Security update for Adobe Flash Player (September 2017)
103329,MEDIUM,Apache Tomcat 7.0.0 < 7.0.81 multiple vulnerabilities
103375,LOW,ESXi 5.5 < Build 6480267 RPC NULL Pointer Dereference Vulnerability (VMSA-2017-0015) (remote check)
103376,HIGH,ESXi 6.5 < Build 5969300 Multiple Vulnerabilities (VMSA-2017-0015) (remote check)
103421,MEDIUM,Google Chrome < 61.0.3163.100 Multiple Vulnerabilities
103456,HIGH,Security Updates for Outlook (September 2017)
103530,MEDIUM,HP System Management Homepage < 7.6.1 Multiple Vulnerabilities (HPSBMU03753)
103565,CRITICAL,Cisco IOS Software DHCP Remote Code Execution Vulnerability
103569,HIGH,Windows Defender Antimalware/Antivirus Signature Definition Check
103669,HIGH,Cisco IOS Software NAT denial of service (cisco-sa-20170927-nat)
103670,HIGH,Cisco IOS Software PROFINET denial of service (cisco-sa-20170927-profinet)
103679,CRITICAL,Mozilla Firefox ESR < 52.4
103680,CRITICAL,Mozilla Firefox < 56.0
103693,HIGH,Cisco IOS Software Internet Key Exchange Denial of Service Vulnerability
103698,MEDIUM,Apache Tomcat 8.5.0 < 8.5.23
103745,CRITICAL,KB4041676: Windows 10 Version 1703 October 2017 Cumulative Update (KRACK)
103746,CRITICAL,Windows 7 and Windows Server 2008 R2 October 2017 Security Updates (KRACK)
103748,CRITICAL,Windows Server 2012 October 2017 Security Updates (KRACK)
103749,CRITICAL,KB4041691: Windows 10 Version 1607 and Windows Server 2016 October 2017 Cumulative Update (KRACK)
103750,CRITICAL,Windows 8.1 and Windows Server 2012 R2 October 2017 Security Updates (KRACK)
103751,HIGH,Security Updates for Microsoft Office Compatibility Pack SP3 (October 2017)
103752,MEDIUM,Security Updates for Outlook (October 2017)
103754,HIGH,Security Update for Microsoft Office Word Viewer (October 2017)
103782,MEDIUM,Apache Tomcat 7.0.0 < 7.0.82
103784,HIGH,Security Updates for Microsoft Office Products (October 2017)
103838,MEDIUM,Apache 2.4.x < 2.4.28 HTTP Vulnerability (OptionsBleed)
103876,MEDIUM,Microsoft Windows SMB Server (2017-10) Multiple Vulnerabilities (uncredentialed check)
103922,MEDIUM,Adobe Flash Player <= 27.0.0.159 Type Confusion Vulnerability (APSB17-32)
103924,MEDIUM,KB4049179: Security update for Adobe Flash Player (October 2017)
103933,MEDIUM,Google Chrome < 62.0.3202.62 Multiple Vulnerabilities
103963,HIGH,Oracle Java SE Multiple Vulnerabilities (October 2017 CPU)
103984,MEDIUM,Wireshark 2.0.x < 2.0.16 DMP dissector DoS
103985,HIGH,Wireshark 2.2.x < 2.2.10 Multiple DoS
104045,HIGH,KB4020535: Security Update for the Scripting Engine Memory Corruption Vulnerability (May 2017)
104351,MEDIUM,Apache OpenOffice < 4.1.4 Multiple Vulnerabilities
104408,MEDIUM,OpenSSL 1.0.2 < 1.0.2m Multiple Vulnerabilities
104434,HIGH,Google Chrome < 62.0.3202.89 Multiple Vulnerabilities
104436,MEDIUM,Foxit PhantomPDF < 9.0 Multiple Vulnerabilities
104459,MEDIUM,Symantec Endpoint Protection Client 12.1.x < 12.1 RU6 MP9 / 14.0.x < 14.0 RU1 Multiple Vulnerabilities (SYM17-011)
104544,CRITICAL,Adobe Flash Player <= 27.0.0.183 (APSB17-33)
104547,CRITICAL,KB4048951: Security update for Adobe Flash Player (November 2017)
104549,HIGH,KB4048953: Windows 10 Version 1607 and Windows Server 2016 November 2017 Cumulative Update
104551,HIGH,KB4048955: Windows 10 Version 1709 and Windows Server Version 1709 November 2017 Cumulative Update
104553,HIGH,Windows 7 and Windows Server 2008 R2 November 2017 Security Updates
104554,HIGH,Windows 8.1 and Windows Server 2012 R2 November 2017 Security Updates
104555,HIGH,Windows Server 2012 November 2017 Security Updates
104556,HIGH,Security Updates for Microsoft Excel Products (November 2017)
104557,HIGH,Security Updates for Microsoft Office Products (November 2017)
104558,HIGH,Security Updates for Microsoft Office Compatibility SP3 (November 2017)
104559,HIGH,Security Updates for Microsoft Office Viewer Products (November 2017)
104562,HIGH,Security Updates for Microsoft Word Products (November 2017)
104626,CRITICAL,Adobe Acrobat < 11.0.23 / 2015.006.30392 / 2017.011.30068 / 2018.009.20044 Multiple Vulnerabilities (APSB17-36)
104627,CRITICAL,Adobe Reader < 11.0.23 / 2015.006.30392 / 2017.011.30068 / 2018.009.20044 Multiple Vulnerabilities (APSB17-36)
104628,CRITICAL,Adobe Shockwave Player <= 12.2.9.199 Memory Corruption RCE (APSB17-40)
104631,HIGH,PHP 5.6.x < 5.6.32 Multiple Vulnerabilities
104637,CRITICAL,Mozilla Firefox ESR < 52.5
104638,CRITICAL,Mozilla Firefox < 57.0
104654,MEDIUM,VMware vCenter Server 5.5.x < 5.5u3f / 6.0.x < 6.0u3c / 6.5.x < 6.5u1 Multiple Vulnerabilities (VMSA-2017-0017)
104742,MEDIUM,Foxit PhantomPDF < 8.3.5 Multiple Vulnerabilities
104889,HIGH,Security Updates for Internet Explorer (April 2017)
104890,HIGH,Security Updates for Internet Explorer (August 2017)
104891,HIGH,Security Updates for Internet Explorer (July 2017)
104892,HIGH,Security Updates for Internet Explorer (June 2017)
104893,HIGH,Security Updates for Internet Explorer (May 2017)
104894,HIGH,Security Updates for Internet Explorer (November 2017)
104895,HIGH,Security Updates for Internet Explorer (October 2017)
104896,HIGH,Security Updates for Internet Explorer (September 2017)
105007,MEDIUM,Wireshark 2.2.x < 2.2.11 / 2.4.x < 2.4.3 DoS Vulnerabilities
105040,MEDIUM,Mozilla Firefox < 57.0.1
105044,CRITICAL,Mozilla Thunderbird < 52.5
105109,HIGH,Microsoft Malware Protection Engine < 1.1.14405.2 RCE
105152,MEDIUM,Google Chrome < 63.0.3239.84 Multiple Vulnerabilities
105154,HIGH,PuTTY < 0.67 PSCP Server Header Handling Stack Buffer Overflow
105175,MEDIUM,Adobe Flash Player <= 27.0.0.187 (APSB17-42)
105180,HIGH,KB4053579: Windows 10 Version 1607 and Windows Server 2016 December 2017 Security Update
105183,HIGH,KB4054517: Windows 10 Version 1709 and Windows Server Version 1709 December 2017 Security Update
105184,HIGH,Windows 7 and Windows Server 2008 R2 December 2017 Security Updates
105185,HIGH,Windows 8.1 and Windows Server 2012 R2 December 2017 Security Updates
105186,HIGH,Windows Server 2012 December 2017 Security Updates
105188,HIGH,Security Updates for Internet Explorer (December 2017)
105189,HIGH,Security Updates for Microsoft Office Products (December 2017)
105192,HIGH,Security Updates for Microsoft Word Products (December 2017)
105212,HIGH,Mozilla Firefox ESR < 52.5.2
105213,HIGH,Mozilla Firefox < 57.0.2
105294,HIGH,VLC Media Player < 2.2.7 Overflow Condition
105356,MEDIUM,Google Chrome < 63.0.3239.108 Vulnerability
105486,MEDIUM,ESXi 5.5 / 6.0 / 6.5 / Multiple Vulnerabilities (VMSA-2017-0021) (VMSA-2018-0002) (Spectre) (remote check)
105507,HIGH,Mozilla Thunderbird < 52.5.2
105546,HIGH,Security Updates for Internet Explorer (January 2018)
105548,HIGH,KB4056890: Windows 10 Version 1607 and Windows Server 2016 January 2018 Security Update (Meltdown)(Spectre)
105550,HIGH,KB4056892: Windows 10 Version 1709 and Windows Server Version 1709 January 2018 Security Update (Meltdown)(Spectre)
105552,HIGH,KB4056897: Windows 7 and Windows Server 2008 R2 January 2018 Security Update (Meltdown)(Spectre)
105553,HIGH,KB4056898: Windows 8.1 and Windows Server 2012 R2 January 2018 Security Update (Meltdown)(Spectre)
105554,HIGH,KB4056899: Windows Server 2012 January 2018 Security Update
105614,MEDIUM,ESXi 6.5 < Build 6765664 Heap Buffer Overflow (VMSA-2017-0021) (remote check)
105616,MEDIUM,Mozilla Firefox < 57.0.4 Speculative Execution Side-Channel Attack Vulnerability (Spectre)
105691,MEDIUM,Adobe Flash Player <= 28.0.0.126 (APSB18-01)
105693,MEDIUM,KB4056887: Security update for Adobe Flash Player (January 2018)
105694,HIGH,Security Updates for Microsoft Excel Products (January 2018)
105695,HIGH,Security Updates for Microsoft Office Compatibility SP3 (January 2018)
105697,HIGH,Security Updates for Microsoft Office Viewer Products (January 2018)
105699,HIGH,Security Updates for Outlook (January 2018)
105700,HIGH,Security Updates for Microsoft Word Products (January 2018)
105728,HIGH,Security Updates for Microsoft Office Products (January 2018)
105731,MEDIUM,Security and Quality Rollup for .NET Framework (January 2018)
105771,MEDIUM,PHP 5.6.x < 5.6.33 Multiple Vulnerabilities
105784,LOW,VMware vCenter Server 5.5.x < 5.5U3g / 6.0.x < 6.0U3d / 6.5.x < 6.5U1e Hypervisor-Assisted Guest Remediation (VMSA-2018-0004) (Spectre)
106142,MEDIUM,Wireshark 2.2.x < 2.2.12 / 2.4.x < 2.4.4 DoS Vulnerabilities
106190,MEDIUM,Oracle Java SE Multiple Vulnerabilities (January 2018 CPU)
106302,HIGH,Mozilla Firefox ESR < 52.6
106303,CRITICAL,Mozilla Firefox < 58.0
106350,MEDIUM,Google Chrome < 62.0.3202.94 Multiple Vulnerabilities
106485,MEDIUM,Google Chrome < 64.0.3282.119 Multiple Vulnerabilities
106561,MEDIUM,Mozilla Firefox < 58.0.1
106606,CRITICAL,Adobe Flash Player <= 28.0.0.137 Use-after-free Remote Code Execution (APSA18-01) (APSB18-03)
106655,CRITICAL,KB4074595: Security update for Adobe Flash Player (February 2018)
106795,HIGH,KB4074588: Windows 10 Version 1709 and Windows Server Version 1709 February 2018 Security Update
106796,HIGH,KB4074590: Windows 10 Version 1607 and Windows Server 2016 February 2018 Security Update (Meltdown)(Spectre)
106799,HIGH,KB4074589: Windows Server 2012 February 2018 Security Update
106800,HIGH,KB4074597: Windows 8.1 and Windows Server 2012 R2 February 2018 Security Update
106802,HIGH,KB4074587: Windows 7 and Windows Server 2008 R2 February 2018 Security Update
106804,HIGH,Security Updates for Internet Explorer (February 2018)
106805,HIGH,Security Updates for Microsoft Office Products (February 2018)
106807,HIGH,Security Updates for Outlook (February 2018)
106817,HIGH,Security Updates for Microsoft Word Viewer (February 2018)
106840,MEDIUM,Google Chrome < 64.0.3282.167 Vulnerability
106846,CRITICAL,Adobe Reader <= 2015.006.30394 / 2017.011.30070 / 2018.009.20050 Multiple Vulnerabilities (APSB18-02)
106975,MEDIUM,Apache Tomcat 7.0.0 < 7.0.85 multiple vulnerabilities
107093,MEDIUM,Wireshark 2.2.x < 2.2.13 / 2.4.x < 2.4.5 Multiple DoS Vulnerabilities
107216,HIGH,PHP 5.6.x < 5.6.34 Stack Buffer Overflow
107220,CRITICAL,Google Chrome < 65.0.3325.146 Multiple Vulnerabilities
108281,HIGH,Adobe Flash Player <= 28.0.0.161 (APSB18-05)
108284,HIGH,KB4088776: Windows 10 Version 1709 and Windows Server Version 1709 March 2018 Security Update
108287,HIGH,KB4088785: Security update for Adobe Flash Player (March 2018)
108289,HIGH,KB4088787: Windows 10 Version 1607 and Windows Server 2016 March 2018 Security Update
108290,HIGH,KB4088878: Windows 7 and Windows Server 2008 R2 March 2018 Security Update (Meltdown)(Spectre)
108291,HIGH,KB4088879: Windows 8.1 and Windows Server 2012 R2 March 2018 Security Update (Meltdown)(Spectre)
108292,HIGH,KB4088880: Windows Server 2012 March 2018 Security Update (Meltdown)(Spectre)
108293,MEDIUM,Security Updates for Microsoft Excel Products (March 2018)
108295,HIGH,Security Updates for Internet Explorer (March 2018)
108297,HIGH,Security Updates for Microsoft Office Compatibility Products (March 2018)
108301,HIGH,Security Updates for Microsoft Word Products (March 2018)
108376,HIGH,Mozilla Firefox ESR < 52.7
108377,HIGH,Mozilla Firefox < 59.0
108519,HIGH,Mozilla Thunderbird < 52.6
108586,HIGH,Mozilla Firefox ESR < 52.7.2
108587,HIGH,Mozilla Firefox < 59.0.1
108720,CRITICAL,Cisco IOS Software Quality of Service Remote Code Execution Vulnerability
108722,CRITICAL,Cisco IOS Software Smart Install Remote Code Execution Vulnerability
108755,HIGH,Mozilla Firefox ESR < 52.7.3
108756,HIGH,Mozilla Firefox < 59.0.2
108757,HIGH,KB4100480: Windows Kernel Elevation of Privilege Vulnerability
108795,HIGH,Apple iTunes < 12.7.4 WebKit Multiple Vulnerabilities (credentialed check)
108813,HIGH,Microsoft Malware Protection Engine < 1.1.14700.5 RCE
108880,HIGH,Cisco IOS Software Link Layer Discovery Protocol Buffer Overflow Vulnerabilities (cisco-sa-20180328-lldp)
108885,MEDIUM,Wireshark 2.2.x < 2.2.14 / 2.4.x < 2.4.6 Multiple Vulnerabilities
108956,HIGH,Cisco IOS Software DNS Forwarder Denial of Service Vulnerability (cisco-sa-20160928-dns)
108958,HIGH,Adobe Flash Player <= 29.0.0.113 (APSB18-08)
108962,HIGH,KB4093110: Security update for Adobe Flash Player (April 2018)
108964,HIGH,KB4093112: Windows 10 Version 1709 and Windows Server Version 1709 April 2018 Security Update (Meltdown)(Spectre)
108965,HIGH,KB4093115: Windows 8.1 and Windows Server 2012 R2 April 2018 Security Update
108966,HIGH,KB4093108: Windows 7 and Windows Server 2008 R2 April 2018 Security Update
108967,HIGH,KB4093119: Windows 10 Version 1607 and Windows Server 2016 April 2018 Security Update
108968,HIGH,KB4093122: Windows Server 2012 April 2018 Security Update
108969,HIGH,Security Updates for Microsoft Excel Products (April 2018)
108970,HIGH,Security Updates for Microsoft Office Viewer Products (April 2018)
108971,HIGH,Security Updates for Internet Explorer (April 2018)
108972,HIGH,Security Updates for Microsoft Office Products (April 2018)
108973,HIGH,Security Updates for Microsoft Office Compatibility Products (April 2018)
108976,MEDIUM,Security Updates for Microsoft Word Products (April 2018)
109087,HIGH,Cisco IOS DHCP Multiple Vulnerabilities
109202,MEDIUM,Oracle Java SE Multiple Vulnerabilities (April 2018 CPU)
109208,HIGH,Dell iDRAC Products Multiple Vulnerabilities (Mar 2018)
109395,HIGH,Google Chrome < 66.0.3359.117 Multiple Vulnerabilities
109398,MEDIUM,Foxit PhantomPDF < 9.1 Multiple Vulnerabilities
109576,MEDIUM,PHP 5.6.x < 5.6.36 Multiple Vulnerabilities
109601,CRITICAL,Adobe Flash Player <= 29.0.0.140 (APSB18-16)
109604,HIGH,KB4103712: Windows 7 and Windows Server 2008 R2 May 2018 Security Update
109605,HIGH,KB4103721: Windows 10 Version 1803 and Windows Server Version 1803 May 2018 Security Update
109606,HIGH,KB4103723: Windows 10 Version 1607 and Windows Server 2016 May 2018 Security Update
109607,HIGH,KB4103715: Windows 8.1 and Windows Server 2012 R2 May 2018 Security Update
109608,HIGH,KB4103727: Windows 10 Version 1709 and Windows Server Version 1709 May 2018 Security Update
109609,CRITICAL,KB4103729: Security update for Adobe Flash Player (May 2018)
109610,HIGH,KB4103726: Windows Server 2012 May 2018 Security Update
109612,HIGH,Security Updates for Microsoft Excel Products (May 2018)
109613,HIGH,Security Updates for Internet Explorer (May 2018)
109614,HIGH,Security Updates for Microsoft Office Products (May 2018)
109615,HIGH,Security Updates for Microsoft Office Compatibility Products (May 2018)
109617,HIGH,Security Updates for Microsoft Word Products (May 2018)
109652,MEDIUM,Security Updates for Microsoft .NET Framework (May 2018)
109684,CRITICAL,Security Updates for Exchange (May 2018)
109730,MEDIUM,7-Zip < 18.05 Memory Corruption Arbitrary Code Execution
109799,MEDIUM,7-Zip < 16.03 NULL Pointer Dereference DoS
109800,MEDIUM,7-Zip < 18.00 Multiple Vulnerabilities
109868,HIGH,Mozilla Firefox ESR < 52.8
109869,CRITICAL,Mozilla Firefox < 60 Multiple Critical Vulnerabilities
109896,CRITICAL,Adobe Reader < 2015.006.30418 / 2017.011.30080 / 2018.011.20040 Multiple Vulnerabilities (APSB18-09)
109899,MEDIUM,Google Chrome < 66.0.3359.170 Multiple Vulnerabilities
109945,MEDIUM,OpenSSL 1.0.2b < 1.0.2o Vulnerability
109946,HIGH,Mozilla Thunderbird < 52.8
110228,HIGH,Google Chrome < 67.0.3396.62 Multiple Vulnerabilities
110269,MEDIUM,Wireshark 2.2.x < 2.2.15 / 2.4.x < 2.4.7 / 2.6.x < 2.6.1 Multiple Vulnerabilities
110288,MEDIUM,PostgreSQL 9.3 < 9.3.23 / 9.4 < 9.4.18 / 9.5 < 9.5.13 / 9.6 < 9.6.9 / 10.3 Insecure ACL Remote Issue
110384,MEDIUM,Apple iTunes < 12.7.5 Multiple Vulnerabilities (credentialed check)
110397,CRITICAL,Adobe Flash Player <= 29.0.0.171 (APSB18-19)
110414,CRITICAL,KB4287903: Security update for Adobe Flash Player (June 2018)
110484,HIGH,KB4284878: Windows 8.1 and Windows Server 2012 R2 June 2018 Security Update
110485,HIGH,KB4284819: Windows 10 Version 1709 and Windows Server Version 1709 June 2018 Security Update
110486,HIGH,KB4284867: Windows 7 and Windows Server 2008 R2 June 2018 Security Update
110487,HIGH,KB4284835: Windows 10 Version 1803 and Windows Server Version 1803 June 2018 Security Update
110488,HIGH,KB4284846: Windows Server 2012 June 2018 Security Update
110490,HIGH,KB4284874: Windows 10 Version 1703 June 2018 Security Update
110491,HIGH,KB4284880: Windows 10 Version 1607 and Windows Server 2016 June 2018 Security Update
110492,MEDIUM,Security Updates for Microsoft Excel Products (June 2018)
110494,HIGH,Security Updates for Internet Explorer (June 2018)
110495,HIGH,Security Updates for Microsoft Office Products (June 2018)
110496,MEDIUM,Security Updates for Microsoft Office Compatibility Products (June 2018)
110499,MEDIUM,Security Updates for Outlook (June 2018)
110500,MEDIUM,Security Updates for Microsoft Publisher Products (June 2018)
110563,MEDIUM,Cisco AnyConnect Secure Mobility Client < 4.6.01098 Certificate Bypass Vulnerability
110809,HIGH,Mozilla Firefox ESR < 52.9
110811,HIGH,Mozilla Firefox < 61 Multiple Critical Vulnerabilities
110979,MEDIUM,Adobe Flash Player <= 30.0.0.113 (APSB18-24)
110980,HIGH,KB4338814: Windows 10 Version 1607 and Windows Server 2016 July 2018 Security Update
110981,HIGH,KB4338824: Windows 8.1 and Windows Server 2012 R2 July 2018 Security Update
110982,HIGH,KB4338823: Windows 7 and Windows Server 2008 R2 July 2018 Security Update
110983,HIGH,KB4338819: Windows 10 Version 1803 and Windows Server Version 1803 July 2018 Security Update
110984,HIGH,KB4338825: Windows 10 Version 1709 and Windows Server Version 1709 July 2018 Security Update
110987,HIGH,KB4338820: Windows Server 2012 July 2018 Security Update
110988,MEDIUM,KB4338832: Security update for Adobe Flash Player (July 2018)
110989,HIGH,Security Updates for Microsoft Access Products (July 2018)
110990,HIGH,Security Updates for Microsoft .NET Framework (July 2018) (deprecated)
110991,HIGH,Security Updates for Internet Explorer (July 2018)
110994,MEDIUM,Security Updates for Microsoft Word Products (July 2018)
111008,HIGH,Security Updates for Microsoft Office Viewer Products / Office Compatibility Products (July 2018)
111012,CRITICAL,Adobe Reader < 2015.006.30434 / 2017.011.30096 / 2018.011.20055 Multiple Vulnerabilities (APSB18-21)
111044,HIGH,Mozilla Thunderbird < 52.9
111066,HIGH,Apache Tomcat 7.0.0 < 7.0.89
111105,MEDIUM,Apple iTunes < 12.8 Multiple Vulnerabilities (credentialed check)
111163,MEDIUM,Oracle Java SE Multiple Vulnerabilities (July 2018 CPU)
111230,MEDIUM,PHP 5.6.x < 5.6.37 exif_thumbnail_extract() DoS
111383,MEDIUM,Google Chrome < 68.0.3440.75 Multiple Vulnerabilities
111387,HIGH,Wireshark 2.2.x < 2.2.16 / 2.4.x < 2.4.8 / 2.6.x < 2.6.2 Multiple Vulnerabilities
111604,HIGH,Dell iDRAC Products Multiple Vulnerabilities (June 2018)
111683,HIGH,Adobe Flash Player <= 30.0.0.134 (APSB18-25)
111685,HIGH,KB4343887: Windows 10 Version 1607 and Windows Server 2016 August 2018 Security Update (Foreshadow)
111687,HIGH,KB4343897: Windows 10 Version 1709 And Windows Server Version 1709 August 2018 Security Update (Foreshadow)
111688,HIGH,KB4343888: Windows 8.1 and Windows Server 2012 R2 August 2018 Security Update (Foreshadow)
111689,HIGH,KB4343899: Windows 7 and Windows Server 2008 R2 August 2018 Security Update (Foreshadow)
111690,HIGH,KB4343896: Windows Server 2012 August 2018 Security Update (Foreshadow)
111691,HIGH,KB4343902: Security update for Adobe Flash Player (August 2018)
111692,HIGH,KB4343909: Windows 10 Version 1803 and Windows Server Version 1803 August 2018 Security Update (Foreshadow)
111693,MEDIUM,Security Updates for Microsoft .NET Framework (August 2018)
111694,HIGH,Security Updates for Microsoft Excel Products (August 2018)
111695,HIGH,Security Updates for Internet Explorer (August 2018)
111696,MEDIUM,Security Updates for Microsoft Office Products (August 2018)
111698,HIGH,Security Updates for Microsoft Office Viewer Products / Office Compatibility Products (August 2018)
111700,HIGH,Security Updates for Windows Server 2008 (August 2018) (Foreshadow)
111755,CRITICAL,Security Updates for Exchange (August 2018)
111756,LOW,Security Updates for Outlook (August 2018)
111759,MEDIUM,ESXi 5.5 / 6.0 / 6.5 / 6.7 Speculative Execution Side Channel Vulnerability (Foreshadow) (VMSA-2018-0020) (remote check)
111760,MEDIUM,VMware vCenter Server 5.5.x / 6.0.x / 6.5.x / 6.7.x Speculative Execution Side Channel Vulnerability (Foreshadow) (VMSA-2018-0020)
111786,CRITICAL,Security Updates for Microsoft SQL Server 2016 and 2017 x64 (August 2018)
111787,HIGH,Security Updates for Microsoft Powerpoint Products (August 2018)
111788,MEDIUM,Apache 2.4.x < 2.4.34 Multiple Vulnerabilities
111794,HIGH,Adobe Reader < 2015.006.30448 / 2017.011.30099 / 2018.011.20058 Multiple Vulnerabilities (APSB18-29)
112059,MEDIUM,Foxit Reader < 8.3.7 Multiple Vulnerabilities
112116,MEDIUM,Security Updates for Windows 10 / Windows Server 2016 (August 2018) (Spectre) (Meltdown) (Foreshadow)
112119,MEDIUM,OpenSSL 1.0.2 < 1.0.2p Multiple Vulnerabilities
117294,HIGH,Mozilla Firefox < 62 Multiple Critical Vulnerabilities
117333,MEDIUM,Google Chrome < 69.0.3497.81 Multiple Vulnerabilities
117339,MEDIUM,Wireshark 2.2.x < 2.2.17 / 2.4.x < 2.4.9 / 2.6.x < 2.6.3 Multiple Vulnerabilities
117410,MEDIUM,Adobe Flash Player <= 30.0.0.154 (APSB18-31)
117411,CRITICAL,KB4457128: Windows 10 Version 1803 and Windows Server Version 1803 September 2018 Security Update
117412,CRITICAL,KB4457143: Windows 8.1 and Windows Server 2012 R2 September 2018 Security Update
117413,CRITICAL,KB4457131: Windows 10 Version 1607 and Windows Server 2016 September 2018 Security Update
117415,CRITICAL,KB4457140: Windows Server 2012 September 2018 Security Update
117417,CRITICAL,KB4457142: Windows 10 Version 1709 and Windows Server Version 1709 September 2018 Security Update
117418,CRITICAL,KB4457145: Windows 7 and Windows Server 2008 R2 September 2018 Security Update
117419,MEDIUM,KB4457146: Security update for Adobe Flash Player (September 2018)
117421,MEDIUM,Security Updates for Microsoft Excel Products (September 2018)
117422,MEDIUM,Security Updates for Microsoft Office Viewer Products (September 2018)
117423,HIGH,Security Updates for Internet Explorer (September 2018)
117424,MEDIUM,Security Updates for Microsoft Office Compatibility Products (September 2018)
117426,HIGH,Security Updates for Microsoft Word Products (September 2018)
117429,MEDIUM,Google Chrome < 69.0.3497.92 Multiple Vulnerabilities
117431,CRITICAL,Security Updates for Microsoft .NET Framework (September 2018)
117458,HIGH,Security Updates for Microsoft Office Products (September 2018)
117459,MEDIUM,Artifex Ghostscript Multiple Vulnerabilities
117497,MEDIUM,PHP 5.6.x < 5.6.38 Transfer-Encoding Parameter XSS Vulnerability
117596,HIGH,Artifex Ghostscript < 9.25 PostScript Code Execution Vulnerability
117600,HIGH,Adobe Reader < 2015.006.30452 / 2017.011.30102 / 2018.011.20063 Multiple Vulnerabilities (APSB18-34)
117636,HIGH,Google Chrome < 69.0.3497.100 Vulnerability
117668,MEDIUM,Mozilla Firefox < 62.0.2
117807,MEDIUM,Apache 2.4.x < 2.4.35 DoS
117876,HIGH,Adobe Acrobat < 2015.006.30456 / 2017.011.30105 / 2019.008.20071 Multiple Vulnerabilities (APSB18-30)
117877,HIGH,Adobe Reader < 2015.006.30456 / 2017.011.30105 / 2019.008.20071 Multiple Vulnerabilities (APSB18-30)
117880,MEDIUM,Apple iTunes < 12.9 Multiple Vulnerabilities (credentialed check)
117921,MEDIUM,Mozilla Firefox < 62.0.3
117941,HIGH,Mozilla Firefox < 49 Multiple Vulnerabilities
117944,MEDIUM,Cisco IOS Software Cluster Management Protocol DoS Vulnerability (cisco-sa-20180926-cmp)
117949,HIGH,Cisco IOS Software IPv6 Hop-by-Hop DoS Vulnerability (cisco-sa-20180926-ipv6hbh)
117997,HIGH,KB4462917: Windows 10 Version 1607 and Windows Server 2016 October 2018 Security Update
117998,HIGH,KB4462918: Windows 10 Version 1709 and Windows Server Version 1709 October 2018 Security Update
117999,HIGH,KB4462919: Windows 10 Version 1803 and Windows Server Version 1803 October 2018 Security Update
118001,HIGH,KB4462915: Windows 7 and Windows Server 2008 R2 October 2018 Security Update
118002,HIGH,KB4462941: Windows 8.1 and Windows Server 2012 R2 October 2018 Security Update
118005,HIGH,KB4463104: Windows Server 2008 October 2018 Security Update
118007,HIGH,Security Updates for Microsoft Excel Products (October 2018)
118009,HIGH,Security Updates for Internet Explorer (October 2018)
118010,HIGH,Security Updates for Microsoft Office Products (October 2018)
118012,HIGH,Security Updates for Microsoft Office Viewer Products / Office Compatibility Products (October 2018)
118014,HIGH,Security Updates for Outlook (October 2018)
118015,HIGH,Security Updates for Microsoft PowerPoint Products (October 2018)
118016,HIGH,Security Updates for Microsoft Word Products (October 2018)
118035,MEDIUM,Apache Tomcat 7.0.23 < 7.0.91
118036,MEDIUM,Apache Tomcat 8.5.0 < 8.5.34
118153,MEDIUM,Google Chrome < 70.0.3538.67 Multiple Vulnerabilities
118206,MEDIUM,Wireshark 2.4.x < 2.4.10 Multiple Vulnerabilities
118228,MEDIUM,Oracle Java SE Multiple Vulnerabilities (October 2018 CPU)
118397,HIGH,Mozilla Firefox < 63.0
118466,HIGH,ESXi 6.0 / 6.5 / 6.7 Out-of-Bounds Read Vulnerability (VMSA-2018-0026) (Remote Check)
118718,MEDIUM,Apple iTunes < 12.9.1 Multiple Vulnerabilities (credentialed check)
118885,HIGH,ESXi 6.0 / 6.5 / 6.7 Multiple Vulnerabilities (VMSA-2018-0027) (Remote Check)
118887,MEDIUM,Google Chrome < 70.0.3538.102 Vulnerability
118909,MEDIUM,Adobe Flash Player <= 31.0.0.122 (APSB18-39)
118913,CRITICAL,KB4467106: Windows 7 and Windows Server 2008 R2 November 2018 Security Update
118915,HIGH,KB4467686: Windows 10 Version 1709 and Windows Server Version 1709 November 2018 Security Update
118916,CRITICAL,KB4467691: Windows 10 Version 1607 and Windows Server 2016 November 2018 Security Update
118917,MEDIUM,KB4467694: Security update for Adobe Flash Player (November 2018)
118918,CRITICAL,KB4467703: Windows 8.1 and Windows Server 2012 R2 November 2018 Security Update
118920,CRITICAL,KB4467700: Windows Server 2008 November 2018 Security Update
118921,HIGH,Security Updates for Microsoft Excel Products (November 2018)
118922,HIGH,Security Updates for Internet Explorer (November 2018)
118923,HIGH,Security Updates for Microsoft Office Products (November 2018)
118926,HIGH,Security Updates for Microsoft Office Viewer Products (November 2018)
118928,HIGH,Security Updates for Outlook (November 2018)
118930,HIGH,Security Updates for Microsoft Word Products (November 2018)
118932,MEDIUM,Adobe Reader < 2015.006.30457 / 2017.011.30106 / 2019.008.20081 Vulnerability (APSB18-40)
119094,CRITICAL,Adobe Flash Player <= 31.0.0.148 (APSB18-44)
119095,CRITICAL,KB4477029: Security update for Adobe Flash Player (November 2018)
119097,MEDIUM,Google Chrome < 70.0.3538.110 Vulnerability
119240,HIGH,Artifex Ghostscript < 9.26 PostScript Multiple Vulnerabilities
119258,HIGH,Foxit PhantomPDF < 7.3.11 Multiple Vulnerabilities
119259,MEDIUM,Foxit PhantomPDF < 7.3.9 Multiple Vulnerabilities
119419,MEDIUM,Wireshark 2.4.x < 2.4.11 Multiple Vulnerabilities
119420,MEDIUM,Wireshark 2.6.x < 2.6.5 Multiple Vulnerabilities
119462,CRITICAL,Adobe Flash Player <= 31.0.0.153 (APSB18-42)
119463,CRITICAL,KB4471331: Security update for Adobe Flash Player (December 2018)
119558,MEDIUM,Google Chrome < 71.0.3578.80 Multiple Vulnerabilities
119582,CRITICAL,KB4471328: Windows 7 and Windows Server 2008 R2 December 2018 Security Update
119583,CRITICAL,KB4471322: Windows 8.1 and Windows Server 2012 R2 December 2018 Security Update
119584,CRITICAL,KB4471321: Windows 10 Version 1607 and Windows Server 2016 December 2018 Security Update
119586,CRITICAL,KB4471324: Windows 10 Version 1803 and Windows Server Version 1803 December 2018 Security Update
119587,CRITICAL,KB4471319: Windows Server 2008 December 2018 Security Update
119589,CRITICAL,KB4471329: Windows 10 Version 1709 and Windows Server Version 1709 December 2018 Security Update
119592,HIGH,Security Updates for Microsoft Excel Products (December 2018)
119594,HIGH,Security Updates for Internet Explorer (December 2018)
119595,UNKNOWN,Plugin 119595
119598,HIGH,Security Updates for Outlook (December 2018)
119599,HIGH,Security Updates for Microsoft PowerPoint Products (December 2018)
119604,HIGH,Mozilla Firefox < 64.0
119606,HIGH,Mozilla Firefox ESR < 60.4
119609,HIGH,Security Updates for Microsoft Office Viewer Products (December 2018)
119612,CRITICAL,Security Updates for Microsoft .NET Framework (December 2018)
119675,CRITICAL,Adobe Acrobat < 2015.006.30461 / 2017.011.30110 / 2019.010.20064 Multiple Vulnerabilities (APSB18-41)
119676,CRITICAL,Adobe Reader < 2015.006.30461 / 2017.011.30110 / 2019.010.20064 Multiple Vulnerabilities (APSB18-41)
119764,HIGH,PHP 5.6.x < 5.6.39 Multiple vulnerabilities
119767,MEDIUM,Apple iTunes < 12.9.2 Multiple Vulnerabilities (credentialed check)
119769,HIGH,KB4483229: Windows 10 Version 1607 and Windows Server 2016 December 2018 OOB Security Update
119771,HIGH,KB4483232: Windows 10 Version 1709 and Windows Server Version 1709 December 2018 OOB Security Update
119772,HIGH,KB4483234: Windows 10 Version 1803 and Windows Server Version 1803 December 2018 OOB Security Update
119774,HIGH,Security Updates for Internet Explorer (December 2018 OOB)
119833,MEDIUM,Dell iDRAC Products Multiple Vulnerabilities (December 2018)
119835,HIGH,Foxit PhantomPDF < 7.3.13 Multiple Vulnerabilities
119836,HIGH,Foxit PhantomPDF < 7.3.17 Multiple Vulnerabilities
120951,HIGH,Adobe Acrobat < 2015.006.30464 / 2017.011.30113 / 2019.010.20069 Multiple Vulnerabilities (APSB19-02)
120952,HIGH,Adobe Reader < 2015.006.30464 / 2017.011.30113 / 2019.010.20069 Multiple Vulnerabilities (APSB19-02)
121012,HIGH,KB4480961: Windows 10 Version 1607 and Windows Server 2016 January 2019 Security Update
121014,HIGH,KB4480964: Windows 8.1 and Windows Server 2012 R2 January 2019 Security Update
121015,HIGH,KB4480966: Windows 10 Version 1803 and Windows Server Version 1803 January 2019 Security Update
121016,HIGH,KB4480957: Windows Server 2008 January 2019 Security Update
121017,HIGH,KB4480960: Windows 7 and Windows Server 2008 R2 January 2019 Security Update
121020,HIGH,KB4480978: Windows 10 Version 1709 and Windows Server Version 1709 January 2019 Security Update
121021,MEDIUM,Security Updates for Microsoft .NET Framework (January 2019)
121023,HIGH,Security Updates for Internet Explorer (January 2019)
121024,HIGH,Security Updates for Microsoft Office Products (January 2019)
121025,HIGH,Security Updates for Microsoft Office Viewer Products (January 2019)
121027,MEDIUM,Security Updates for Outlook (January 2019)
121028,HIGH,Security Updates for Microsoft Word Products (January 2019)
121035,LOW,Security Updates for Windows 10 / Windows Server 2016 (January 2019) (Spectre)
121065,HIGH,Security Updates for Microsoft Visual Studio Products (January 2019)
121107,MEDIUM,Wireshark 2.4.x < 2.4.12 Multiple Vulnerabilities
121108,MEDIUM,Wireshark 2.6.x < 2.6.6 Multiple Vulnerabilities
121116,MEDIUM,Apache Tomcat 7.0.0 < 7.0.47 multiple vulnerabilities
121117,MEDIUM,Apache Tomcat 7.0.0 < 7.0.65
121118,MEDIUM,Apache Tomcat 7.0.5 < 7.0.67
121119,HIGH,Apache Tomcat 7.0.0 < 7.0.70
121120,MEDIUM,Apache Tomcat 7.0.0 < 7.0.76
121121,MEDIUM,Apache Tomcat 7.0.28 < 7.0.88
121231,MEDIUM,Oracle Java SE 1.7.x < 1.7.0_211 / 1.8.x < 1.8.0_201 / 1.11.x < 1.11.0_2 Multiple Vulnerabilities (January 2019 CPU)
121355,MEDIUM,Apache 2.4.x < 2.4.38 Multiple Vulnerabilities
121473,HIGH,Apple iTunes < 12.9.3 Multiple Vulnerabilities (credentialed check)
121477,HIGH,Mozilla Firefox ESR < 60.5
121512,CRITICAL,Mozilla Firefox < 65.0
121514,MEDIUM,Google Chrome < 72.0.3626.81 Multiple Vulnerabilities
121602,HIGH,PHP 5.6.x < 5.6.40 Multiple vulnerabilities.
121620,LOW,Tenable Nessus < 8.2.2 Stored XSS Vulnerability (TNS-2019-01)
122032,HIGH,iLO 4 < 2.60 / iLO 5 < 1.30 Multiple Vulnerabilities
122060,MEDIUM,Apache 2.4.x < 2.4.33 Multiple Vulnerabilities
122095,CRITICAL,iLO 4 < 2.53 Remote Code Execution Vulnerability
122117,MEDIUM,Adobe Flash Player <= 32.0.0.114 (APSB19-06)
122118,HIGH,KB4486564: Windows 7 and Windows Server 2008 R2 February 2019 Security Update
122119,HIGH,KB4486996: Windows 10 Version 1709 and Windows Server Version 1709 February 2019 Security Update
122120,HIGH,KB4487028: Windows 8.1 and Windows Server 2012 R2 February 2019 Security Update
122121,HIGH,KB4487017: Windows 10 Version 1803 and Windows Server Version 1803 February 2019 Security Update
122123,HIGH,KB4487019: Windows Server 2008 February 2019 Security Update
122126,HIGH,KB4487026: Windows 10 Version 1607 and Windows Server 2016 February 2019 Security Update
122128,MEDIUM,Security Updates for Microsoft Excel Products (February 2019)
122130,MEDIUM,KB4487038: Security update for Adobe Flash Player (February 2019)
122131,HIGH,Security Updates for Internet Explorer (February 2019)
122132,HIGH,Security Updates for Microsoft Office Products (February 2019)
122187,MEDIUM,iLO 3 < 1.88 / iLO 4 < 2.44 XSS Vulnerability
122191,MEDIUM,iLO 3 < 1.85 / iLO 4 < 2.22 Denial of Service Vulnerability
122233,MEDIUM,Mozilla Firefox < 65.0.1
122234,HIGH,Security Updates for Microsoft .NET Framework (February 2019)
122243,HIGH,MongoDB 2.6.x < 2.6.9, 3.0.x < 3.0.14, 3.2.x < 3.2.8 mongod
122246,MEDIUM,Google Chrome < 72.0.3626.96 Vulnerability
122252,CRITICAL,Adobe Acrobat < 2015.006.30475 / 2017.011.30120 / 2019.010.20091 Multiple Vulnerabilities (APSB19-07)
122253,CRITICAL,Adobe Reader < 2015.006.30475 / 2017.011.30120 / 2019.010.20091 Multiple Vulnerabilities (APSB19-07)
122317,MEDIUM,Security Updates for Microsoft Office Viewers And Compatibility Products (February 2019)
122367,HIGH,Adobe Acrobat < 2015.006.30482 / 2017.011.30127 / 2019.010.20098 Vulnerability (APSB19-13)
122368,HIGH,Adobe Reader < 2015.006.30482 / 2017.011.30127 / 2019.010.20098 Vulnerability (APSB19-13)
122586,MEDIUM,LibreOffice < 5.4.6 and < 6.0.2 Heap Buffer Overflow
122588,MEDIUM,LibreOffice < 5.4.5 or 6.x < 6.0.1 Multiple Vulnerabilities
122591,LOW,PHP 5.6.x < 5.6.35 Security Bypass Vulnerability
122615,CRITICAL,Microsoft Windows 7 / Server 2008 R2 Unsupported Version Detection (deprecated)
122617,MEDIUM,Google Chrome < 72.0.3626.121 Vulnerability
122750,MEDIUM,PHP 7.3.x < 7.3.2 Information Disclosure.
122779,HIGH,KB4489868: Windows 10 Version 1803 and Windows Server Version 1803 March 2019 Security Update
122782,HIGH,KB4489885: Windows 7 and Windows Server 2008 R2 March 2019 Security Update
122783,HIGH,KB4489876: Windows Server 2008 March 2019 Security Update
122784,HIGH,KB4489883: Windows 8.1 and Windows Server 2012 R2 March 2019 Security Update
122785,HIGH,KB4489882: Windows 10 Version 1607 and Windows Server 2016 March 2019 Security Update
122786,HIGH,KB4489886: Windows 10 Version 1709 and Windows Server Version 1709 March 2019 Security Update
122789,HIGH,Security Updates for Internet Explorer (March 2019)
122819,CRITICAL,KB4467702: Windows 10 Version 1803 and Windows Server Version 1803 November 2018 Security Update
122853,HIGH,Google Chrome < 73.0.3683.75 Multiple Vulnerabilities
122857,MEDIUM,LibreOffice < 5.4.7 or 6.x < 6.0.4 Information Disclosure
122948,HIGH,Mozilla Firefox < 66.0
122974,MEDIUM,Security Updates for Windows 10 / Windows Server 2019 (February 2019) (Spectre) (Meltdown) (Foreshadow)
122975,MEDIUM,Security Updates for Windows 10 / Windows Server 2016 / Windows Server 2019 (March 2019) (Spectre) (Meltdown) (Foreshadow)
123012,MEDIUM,Mozilla Firefox < 66.0.1
123418,HIGH,PuTTY < 0.71 Multiple Vulnerabilities
123462,MEDIUM,Tenable Nessus < 8.3.0 Multiple Vulnerabilities (TNS-2019-02)
123518,HIGH,ESXi 6.0 / 6.5 / 6.7 Multiple Vulnerabilities (VMSA-2019-0005) (Remote Check)
123642,HIGH,Apache 2.4.x < 2.4.39 Multiple Vulnerabilities
123755,MEDIUM,PHP 7.3.x < 7.3.4 Multiple vulnerabilities.
123829,HIGH,PHP 7.3.x < 7.3.3 Multiple vulnerabilities.
123938,CRITICAL,Adobe Flash Player <= 32.0.0.156 (APSB19-19)
123939,HIGH,KB4493441: Windows 10 Version 1709 and Windows Server Version 1709 April 2019 Security Update
123940,HIGH,KB4493467: Windows 8.1 and Windows Server 2012 R2 April 2019 Security Update
123942,HIGH,KB4493464: Windows 10 Version 1803 and Windows Server Version 1803 April 2019 Security Update
123943,HIGH,KB4493470: Windows 10 Version 1607 and Windows Server 2016 April 2019 Security Update
123944,HIGH,KB4493458: Windows Server 2008 April 2019 Security Update
123945,HIGH,KB4493448: Windows 7 and Windows Server 2008 R2 April 2019 Security Update
123949,HIGH,Security Updates for Microsoft Excel Products (April 2019)
123950,CRITICAL,KB4493478: Security update for Adobe Flash Player (April 2019)
123951,HIGH,Security Updates for Internet Explorer (April 2019)
123952,HIGH,Security Updates for Microsoft Office Products (April 2019)
124008,CRITICAL,Adobe Reader < 2015.006.30493 / 2017.011.30138 / 2019.010.20099 Multiple Vulnerabilities (APSB19-17)
124028,CRITICAL,Adobe Shockwave Player <= 12.3.4.204 Multiple memory corruption vulnerabilities (APSB19-20) (Windows)
124062,CRITICAL,SolarWinds DameWare Mini Remote Client Agent < 12.0.3 Stack Buffer Overflow
124064,HIGH,Apache Tomcat 7.0.0 < 7.0.94 multiple vulnerabilities
124117,CRITICAL,Microsoft Windows Version 1709 Unsupported Version Detection (deprecated)
124164,MEDIUM,Wireshark 2.4.x < 2.4.14 Multiple Vulnerabilities
124165,MEDIUM,Wireshark 2.6.x < 2.6.8 Multiple Vulnerabilities
124198,MEDIUM,Oracle Java SE 1.7.0_221 / 1.8.0_211 / 1.11.0_3 / 1.12.0_1 Multiple Vulnerabilities (Apr 2019 CPU)
124279,MEDIUM,Google Chrome < 74.0.3729.108 Multiple Vulnerabilities
124460,MEDIUM,Google Chrome < 74.0.3729.131 Multiple Vulnerabilities
124764,MEDIUM,PHP 7.3.x < 7.3.5 Heap-based Buffer Overflow Vulnerability.
125056,HIGH,Adobe Flash Player <= 32.0.0.171 (APSB19-26)
125058,HIGH,KB4494440: Windows 10 Version 1607 and Windows Server 2016 May 2019 Security Update (MDSUM/RIDL) (MFBDS/RIDL/ZombieLoad) (MLPDS/RIDL) (MSBDS/Fallout)
125060,CRITICAL,KB4499180: Windows Server 2008 and Windows Vista SP2 May 2019 Security Update (BlueKeep)
125061,HIGH,KB4499165: Windows 8.1 and Windows Server 2012 R2 May 2019 Security Update (MDSUM/RIDL) (MFBDS/RIDL/ZombieLoad) (MLPDS/RIDL) (MSBDS/Fallout)
125063,CRITICAL,KB4499175: Windows 7 and Windows Server 2008 R2 May 2019 Security Update (MDSUM/RIDL) (MFBDS/RIDL/ZombieLoad) (MLPDS/RIDL) (MSBDS/Fallout) (BlueKeep)
125064,HIGH,KB4499167: Windows 10 Version 1803 and Windows Server Version 1803 May 2019 Security Update (MDSUM/RIDL) (MFBDS/RIDL/ZombieLoad) (MLPDS/RIDL) (MSBDS/Fallout)
125066,HIGH,KB4499179: Windows 10 Version 1709 and Windows Server Version 1709 May 2019 Security Update (MDSUM/RIDL) (MFBDS/RIDL/ZombieLoad) (MLPDS/RIDL) (MSBDS/Fallout)
125068,HIGH,KB4497932: Security update for Adobe Flash Player (May 2019)
125069,HIGH,Security Updates for Internet Explorer (May 2019)
125071,HIGH,Security Updates for Microsoft Office Products (May 2019)
125072,HIGH,Security Updates for Microsoft Word Products (May 2019)
125073,CRITICAL,Microsoft Security Advisory 4500331: Guidance for older platforms (XP / 2003) (BlueKeep)
125074,MEDIUM,Security Updates for Microsoft .NET Framework (May 2019)
125222,CRITICAL,Adobe Reader < 2015.006.30497 / 2017.011.30142 / 2019.012.20034 Multiple Vulnerabilities (APSB19-18)
125223,MEDIUM,LibreOffice < 6.1.6, 6.2.x < 6.2.3 Hyperlink Processing Vulnerability (Windows)
125264,MEDIUM,PostgreSQL 9.4.x < 9.4.22 / 9.5.x < 9.5.17 / 9.6.x < 9.6.13 / 10.x < 10.8 / 11.x < 11.3 Multiple vulnerabilities
125313,CRITICAL,Microsoft RDP RCE (CVE-2019-0708) (BlueKeep) (uncredentialed check)
125342,HIGH,iLO 4 < 2.70 / iLO 5 < 1.40a Multiple Vulnerabilities
125361,HIGH,Mozilla Firefox < 67.0
125365,MEDIUM,Wireshark 2.4.x < 2.4.15 A Vulnerability
125367,MEDIUM,Wireshark 2.6.x < 2.6.9 A Vulnerability
125371,HIGH,Google Chrome < 74.0.3729.157 Vulnerability
125388,MEDIUM,Samba 4.x < 4.8.12 / 4.9.x < 4.9.8 / 4.10.x < 4.10.3 Man in the Middle Vulnerability (CVE-2018-16860)
125681,MEDIUM,PHP 7.3.x < 7.3.6 Multiple Vulnerabilities.
125815,MEDIUM,Adobe Flash Player <= 32.0.0.192 (APSB19-30)
125816,HIGH,KB4503267: Windows 10 Version 1607 and Windows Server 2016 June 2019 Security Update
125817,HIGH,KB4503287: Windows Server 2008 June 2019 Security Update
125818,HIGH,KB4503290: Windows 8.1 and Windows Server 2012 R2 June 2019 Security Update
125820,HIGH,KB4503284: Windows 10 Version 1709 June 2019 Security Update
125822,HIGH,KB4503286: Windows 10 Version 1803 June 2019 Security Update
125824,HIGH,KB4503269: Windows 7 and Windows Server 2008 R2 June 2019 Security Update
125827,MEDIUM,KB4503308: Security update for Adobe Flash Player (June 2019)
125828,HIGH,Security Updates for Internet Explorer (June 2019)
125832,HIGH,Security Updates for Microsoft Word Products (June 2019)
125877,MEDIUM,Mozilla Firefox < 67.0.2
125878,HIGH,Apple iCloud < 7.12 Multiple Vulnerabilities
125952,MEDIUM,Google Chrome < 75.0.3770.90 Vulnerability
126002,HIGH,Mozilla Firefox < 67.0.3
126072,CRITICAL,Mozilla Firefox < 67.0.4
126125,MEDIUM,Apache Tomcat 8.5.0 < 8.5.41 DoS
126246,HIGH,VLC < 3.0.7 Multiple Vulnerabilities
126569,HIGH,KB4507435: Windows 10 Version 1803 July 2019 Security Update (SWAPGS)
126570,HIGH,KB4507457: Windows 8.1 and Windows Server 2012 R2 July 2019 Security Update (SWAPGS)
126571,HIGH,KB4507456: Windows 7 and Windows Server 2008 R2 July 2019 Security Update (SWAPGS)
126573,HIGH,KB4507461: Windows Server 2008 July 2019 Security Update (SWAPGS)
126577,HIGH,KB4507460: Windows 10 Version 1607 and Windows Server 2016 July 2019 Security Update (SWAPGS)
126580,HIGH,Security Updates for Microsoft Excel Products (July 2019)
126582,HIGH,Security Updates for Internet Explorer (July 2019)
126583,HIGH,Security Updates for Microsoft Office Products (July 2019)
126585,MEDIUM,Security Updates for Outlook (July 2019)
126600,MEDIUM,Security Updates for Microsoft .NET Framework (July 2019)
126622,HIGH,Mozilla Firefox < 68.0
126631,MEDIUM,Security Updates for Microsoft SQL Server (July 2019)
126637,MEDIUM,PHP 7.3.x < 7.3.7 Multiple Vulnerabilities.
126821,MEDIUM,Oracle Java SE 1.7.0_231 / 1.8.0_221 / 1.11.0_4 / 1.12.0_2 Multiple Vulnerabilities (Jul 2019 CPU)
126921,MEDIUM,Wireshark 2.6.x < 2.6.10 DoS Vulnerability
126923,MEDIUM,Wireshark 2.4.x < 2.4.16 DoS Vulnerability
127114,HIGH,LibreOffice < 6.2.5 Multiple Vulnerabilities (Windows)
127132,MEDIUM,PHP 7.3.x < 7.3.8 Multiple Vulnerabilities.
127842,HIGH,KB4512491: Windows Server 2008 August 2019 Security Update
127843,CRITICAL,KB4512489: Windows 8.1 and Windows Server 2012 R2 August 2019 Security Update
127845,CRITICAL,KB4512501: Windows 10 Version 1803 August 2019 Security Update
127846,CRITICAL,KB4512486: Windows 7 and Windows Server 2008 R2 August 2019 Security Update
127850,CRITICAL,KB4512517: Windows 10 Version 1607 and Windows Server 2016 August 2019 Security Update
127852,HIGH,Security Updates for Internet Explorer (August 2019)
127853,HIGH,Security Updates for Microsoft Office Products (August 2019)
127854,HIGH,Security Updates for Outlook (August 2019)
127856,HIGH,Security Updates for Microsoft Word Products (August 2019)
127904,CRITICAL,Adobe Reader < 2015.006.30499 / 2017.011.30144 / 2019.012.20036 Multiple Vulnerabilities (APSB19-41)
127905,HIGH,PostgreSQL 9.4.x < 9.4.24 / 9.5.x < 9.5.19 / 9.6.x < 9.6.15 / 10.x < 10.10 / 11.x < 11.5 Multiple Vulnerabilities
127910,MEDIUM,Microsoft Defender Elevation of Privilege Vulnerability (CVE-2019-1161)
128033,MEDIUM,Apache 2.4.x < 2.4.41 Multiple Vulnerabilities
128061,MEDIUM,Mozilla Firefox < 68.0.2
128080,HIGH,VLC < 3.0.8 Multiple Vulnerabilities
128148,HIGH,Flexera FlexNet Publisher < 11.16.2 Multiple Vulnerabilities
128525,HIGH,Mozilla Firefox < 69.0
128531,HIGH,PHP 7.3.x < 7.3.9 Multiple Vulnerabilities.
128633,CRITICAL,Adobe Flash Player <= 32.0.0.238 (APSB19-46)
128636,HIGH,KB4516051: Windows Server 2008 September 2019 Security Update
128637,HIGH,KB4516044: Windows 10 Version 1607 and Windows Server 2016 September 2019 Security Update
128639,HIGH,KB4516058: Windows 10 Version 1803 September 2019 Security Update
128640,HIGH,KB4516033: Windows 7 and Windows Server 2008 R2 September 2019 Security Update
128642,HIGH,KB4516064: Windows 8.1 and Windows Server 2012 R2 September 2019 Security Update
128645,HIGH,Security Updates for Microsoft Excel Products (September 2019)
128646,CRITICAL,KB4516115: Security update for Adobe Flash Player (September 2019)
128647,HIGH,Security Updates for Internet Explorer (September 2019)
128648,HIGH,Security Updates for Microsoft Office Products (September 2019)
129061,HIGH,Wireshark 2.6.x < 2.6.11 Gryphon Dissector DoS Vulnerability
129101,MEDIUM,Mozilla Firefox < 69.0.1
129166,HIGH,Security Update for Internet Explorer (CVE-2019-1367)
129503,MEDIUM,VMware vCenter Server 6.0 / 6.5 / 6.7 Multiple Vulnerabilities (VMSA-2019-0013)
129535,HIGH,LibreOffice < 6.2.7 / 6.3.x < 6.3.1 Multiple Vulnerabilities (Windows)
129557,HIGH,PHP 7.3.x < 7.3.10 Heap-Based Buffer Overflow Vulnerability.
129694,HIGH,Cisco IOS Denial of Service Vulnerability (cisco-sa-20190925-sip-dos)
129717,HIGH,KB4519338: Windows 10 Version 1809 and Windows Server 2019 October 2019 Security Update
129718,HIGH,KB4520003: Windows 7 and Windows Server 2008 R2 October 2019 Security Update
129719,HIGH,KB4519998: Windows 10 Version 1607 and Windows Server 2016 October 2019 Security Update
129720,HIGH,KB4520009: Windows Server 2008 October 2019 Security Update
129722,HIGH,KB4519990: Windows 8.1 and Windows Server 2012 R2 October 2019 Security Update
129724,HIGH,KB4520008: Windows 10 Version 1803 October 2019 Security Update
129727,HIGH,Security Updates for Microsoft Excel Products (October 2019)
129728,HIGH,Security Updates for Internet Explorer (October 2019)
129812,HIGH,Cisco IOS ISDN Interface Denial of Service Vulnerability
129978,CRITICAL,Adobe Reader < 2015.006.30504 / 2017.011.30150 / 2019.021.20047 Multiple Vulnerabilities (APSB19-49)
130011,HIGH,Oracle Java SE 1.7.0_241 / 1.8.0_231 / 1.11.0_5 / 1.13.0_1 Multiple Vulnerabilities (Oct 2019 CPU) (Windows)
130092,HIGH,Cisco IOS Software IP Service Level Agreement Denial of Service Vulnerability
130170,MEDIUM,Mozilla Firefox < 70.0
130273,HIGH,Artifex Ghostscript < 9.50 Multiple Vulnerabilities
130276,HIGH,PHP < 7.1.33 / 7.2.x < 7.2.24 / 7.3.x < 7.3.11 Remote Code Execution Vulnerability.
130458,CRITICAL,SolarWinds Dameware Mini Remote Control Unauthenticated RCE
130766,HIGH,Cisco IOS Smart Install Memory Leak (cisco-sa-20160928-smi)
130901,HIGH,KB4523205: Windows 10 Version 1809 and Windows Server 2019 November 2019 Security Update
130904,HIGH,KB4525239: Windows Server 2008 November 2019 Security Update
130905,HIGH,KB4525233: Windows 7 and Windows Server 2008 R2 November 2019 Security Update
130906,HIGH,KB4525236: Windows 10 Version 1607 and Windows Server 2016 November 2019 Security Update
130907,HIGH,KB4525237: Windows 10 Version 1803 November 2019 Security Update
130909,HIGH,KB4525250: Windows 8.1 and Windows Server 2012 R2 November 2019 Security Update
130911,HIGH,Security Updates for Microsoft Excel Products (November 2019)
130912,HIGH,Security Updates for Internet Explorer (November 2019)
130913,CRITICAL,Security Updates for Microsoft Office Products (November 2019)
131022,HIGH,Google Chrome < 78.0.3904.97 Vulnerability
131078,MEDIUM,Foxit Reader < 9.5 Multiple Vulnerabilities
131164,HIGH,Cisco IOS AAA Login DoS (cisco-sa-20160928-aaados)
131233,HIGH,Symantec Endpoint Protection Client 12.x < 12.1.7454.7000 / 14.x < 14.2.5323.2000 Multiple Vulnerabilities (SYMSA1488)
131322,HIGH,Cisco IOS Software Smart Install DoS (cisco-sa-20180328-smi)
131325,HIGH,Cisco IOS Software Internet Key Exchange Memory Leak (cisco-sa-20180328-ike)
131730,MEDIUM,Dell iDRAC Improper Authorization (DSA-2019-137)
131773,MEDIUM,Mozilla Firefox < 71.0
131927,HIGH,KB4530689: Windows 10 Version 1607 and Windows Server 2016 December 2019 Security Update
131929,HIGH,KB4530719: Windows Server 2008 December 2019 Security Update
131930,HIGH,KB4530730: Windows 8.1 and Windows Server 2012 R2 December 2019 Security Update
131932,HIGH,KB4530715: Windows 10 Version 1809 and Windows Server 2019 December 2019 Security Update
131933,HIGH,KB4530717: Windows 10 Version 1803 December 2019 Security Update
131934,HIGH,KB4530692: Windows 7 and Windows Server 2008 R2 December 2019 Security Update
131935,MEDIUM,Security Updates for Microsoft Excel Products (December 2019)
131936,HIGH,Security Updates for Internet Explorer (December 2019)
131937,HIGH,Security Updates for Microsoft Office Products (December 2019)
131938,HIGH,Security Updates for Microsoft PowerPoint Products (December 2019)
131940,HIGH,Security Updates for Microsoft Word Products (December 2019)
132037,CRITICAL,Adobe Reader < 2015.006.30508 / 2017.011.30156 / 2019.021.20058 Multiple Vulnerabilities (APSB19-55)
132048,HIGH,Cisco IOS Software Software Plug and Play Agent Memory Leak(cisco-sa-20180926-pnp-memleak)
132413,MEDIUM,Apache Tomcat 8.5.0 < 8.5.49 multiple vulnerabilities
132418,MEDIUM,Apache Tomcat 8.5.0 < 8.5.50
132633,HIGH,Foxit 3D Plugin Beta 9.7.0.29430 NULL Pointer Dereference Vulnerability
132709,MEDIUM,Mozilla Firefox < 72.0
132715,MEDIUM,Mozilla Firefox < 72.0.1
132723,HIGH,Cisco IOS Software NAT64 Denial of Service Vulnerability
132858,CRITICAL,KB4534271: Windows 10 Version 1607 and Windows Server 2016 January 2020 Security Update
132859,CRITICAL,KB4534273: Windows 10 Version 1809 and Windows Server 2019 January 2020 Security Update
132862,CRITICAL,KB4534293: Windows 10 Version 1803 January 2020 Security Update
132863,CRITICAL,KB4534309: Windows 8.1 and Windows Server 2012 R2 January 2020 Security Update
132864,CRITICAL,KB4534312: Windows Server 2008 January 2020 Security Update
132866,CRITICAL,KB4534314: Windows 7 and Windows Server 2008 R2 January 2020 Security Update
132867,HIGH,Security Updates for Microsoft Excel Products (January 2020)
132868,HIGH,Security Updates for Internet Explorer (January 2020)
132869,MEDIUM,Security Updates for Microsoft Office Products (January 2020)
132957,HIGH,MySQL 5.7.x < 5.7.29 Multiple Vulnerabilities (Jan 2020 CPU)
132992,MEDIUM,Oracle Java SE 1.7.0_251 / 1.8.0_241 / 1.11.0_6 / 1.13.0_2 Multiple Vulnerabilities (Jan 2020 CPU)
132999,CRITICAL,Security Updates for Microsoft .NET Framework (January 2020)
133000,HIGH,Cisco IOS Web UI Cross-Site Request Forgery (cisco-sa-20200108-ios-csrf)
133465,MEDIUM,Google Chrome < 80.0.3987.87 Multiple Vulnerabilities
133471,MEDIUM,LibreOffice 6.2.6 / 6.3.1 Security Control Bypass (Windows)
133474,HIGH,LibreOffice < 6.2.6 / 6.3 Input Validation (Windows)
133525,MEDIUM,Foxit PhantomPDF < 9.7.1 Multiple Vulnerabilities
133607,HIGH,Adobe Flash Player <= 32.0.0.321 (APSB20-06)
133608,HIGH,KB4532691: Windows 10 Version 1809 and Windows Server 2019 February 2020 Security Update
133610,HIGH,KB4537762: Windows 10 Version 1803 February 2020 Security Update
133611,HIGH,KB4537764: Windows 10 Version 1607 and Windows Server 2016 February 2020 Security Update
133615,HIGH,KB4537803: Windows 8.1 and Windows Server 2012 R2 February 2020 Security Update
133616,HIGH,Security Updates for Microsoft Excel Products (February 2020)
133618,HIGH,KB4537759: Security update for Adobe Flash Player (February 2020)
133619,HIGH,Security Updates for Internet Explorer (February 2020)
133622,MEDIUM,Security Updates for Outlook (February 2020)
133673,CRITICAL,Adobe Reader < 2015.006.30510 / 2020.006.20034 Multiple Vulnerabilities (APSB20-05)
133693,MEDIUM,Mozilla Firefox < 73.0
133719,MEDIUM,Security Updates for Microsoft SQL Server (February 2020)
133845,HIGH,Apache Tomcat 9.0.0.M1 < 9.0.31 multiple vulnerabilities
133848,MEDIUM,Google Chrome < 80.0.3987.116 Multiple Vulnerabilities
134112,MEDIUM,Wireshark 3.2.x < 3.2.2 Multiple Vulnerabilities
134164,MEDIUM,Cisco AnyConnect Secure Mobility Client for Windows Uncontrolled Search Path Vulnerability
134204,MEDIUM,MS15-124: Cumulative Security Update for Internet Explorer (CVE-2015-6161) (3125869)
134368,CRITICAL,KB4538461: Windows 10 Version 1809 and Windows Server 2019 March 2020 Security Update
134369,CRITICAL,KB4540670: Windows 10 Version 1607 and Windows Server 2016 March 2020 Security Update
134372,CRITICAL,KB4540689: Windows 10 Version 1803 March 2020 Security Update
134374,HIGH,KB4541505: Windows 8.1 and Windows Server 2012 R2 March 2020 Security Update
134377,HIGH,Security Updates for Internet Explorer (March 2020)
134382,HIGH,Security Updates for Microsoft Word Products (March 2020)
134405,HIGH,Mozilla Firefox < 74.0
134407,HIGH,Mozilla Firefox ESR < 68.6
134701,MEDIUM,Google Chrome < 80.0.3987.149 Multiple Vulnerabilities
134706,CRITICAL,Adobe Reader < 2015.006.30518 / 2017.011.30166 / 2020.006.20042 Multiple Vulnerabilities (APSB20-13)
134862,HIGH,Apache Tomcat AJP Connector Request Injection (Ghostcat)
134863,HIGH,KB4537822: Windows Server 2008 February 2020 Security Update
134864,HIGH,KB4537813: Windows 7 and Windows Server 2008 R2 February 2020 Security Update
134865,HIGH,KB4541500: Windows 7 and Windows Server 2008 R2 March 2020 Security Update
134866,HIGH,KB4541504: Windows Server 2008 March 2020 Security Update
134878,MEDIUM,VMware ESXi 5.5 / 6.0 / 6.5 / 6.7 DoS (VMSA-2018-0018) (remote check)
134942,CRITICAL,Microsoft Windows Type 1 Font Parsing Remote Code Execution Vulnerability (ADV200006)
134976,HIGH,iLO 3 < 1.90 / iLO 4 < 2.61 / iLO 5 < 1.35 Remote Code Execution Vulnerability (HPESBHF03866)
135187,CRITICAL,Dell iDRAC Buffer Overflow Vulnerability (CVE-2020-5344)
135188,CRITICAL,Zoom Client for Meetings < 4.6.19253.0401 Multiple Vulnerabilities
135202,MEDIUM,Mozilla Firefox < 74.0.1
135276,HIGH,Mozilla Firefox < 75.0
135290,MEDIUM,Apache 2.4.x < 2.4.42 Multiple Vulnerabilities
135411,MEDIUM,VMware vCenter Server 6.7 Sensitive Information Disclosure Vulnerability (VMSA-2020-0006)
135462,MEDIUM,Security Updates for Microsoft Publisher Products (April 2020)
135463,HIGH,KB4549949: Windows 10 Version 1809 and Windows Server 2019 April 2020 Security Update
135466,HIGH,KB4550922: Windows 10 Version 1803 April 2020 Security Update
135470,HIGH,KB4550957: Windows Server 2008 April 2020 Security Update
135471,HIGH,KB4550970: Windows 8.1 and Windows Server 2012 R2 April 2020 Security Update
135472,HIGH,KB4550965: Windows 7 and Windows Server 2008 R2 April 2020 Security Update
135474,HIGH,Security Updates for Microsoft Excel Products (April 2020)
135475,HIGH,Security Updates for Internet Explorer (April 2020)
135476,HIGH,Security Updates for Microsoft Office Products (April 2020)
135478,MEDIUM,Security Updates for Outlook (April 2020)
135479,MEDIUM,Security Updates for Microsoft PowerPoint Products (April 2020)
135482,HIGH,Security Updates for Microsoft Word Products (April 2020)
135592,MEDIUM,Oracle Java SE 1.7.0_261 / 1.8.0_251 / 1.11.0_7 / 1.14.0_1 Multiple Vulnerabilities (Apr 2020 CPU)
135849,HIGH,Foxit Reader < 9.7.2 Multiple Vulnerabilities
135857,MEDIUM,Wireshark 2.6.x < 2.6.16 / 3.0.x < 3.0.10 / 3.2.x < 3.2.3 BACapp Dissector DoS
135918,MEDIUM,PHP 7.3.x < 7.3.17 Out of Bounds Read Vulnerability
136348,HIGH,Google Chrome < 81.0.4044.138 Multiple Vulnerabilities
136404,CRITICAL,Mozilla Firefox < 76.0
136422,HIGH,VLC < 3.0.9 Multiple Vulnerabilities
136501,HIGH,KB4551853: Windows 10 Version 1809 and Windows Server 2019 May 2020 Security Update
136503,HIGH,KB4556807: Windows 10 Version 1803 May 2020 Security Update
136507,HIGH,KB4556843: Windows 7 and Windows Server 2008 R2 May 2020 Security Update
136509,HIGH,KB4556853: Windows 8.1 and Windows Server 2012 R2 May 2020 Security Update
136510,HIGH,KB4556854: Windows Server 2008 May 2020 Security Update
136511,HIGH,Security Updates for Microsoft Excel Products (May 2020)
136512,HIGH,Security Updates for Internet Explorer (May 2020)
136564,MEDIUM,Security Updates for Microsoft .NET Framework (May 2020)
136741,MEDIUM,PHP 7.2.x < 7.2.31 / 7.3.x < 7.3.18, 7.4.x < 7.4.6 Denial of Service (DoS)
136743,MEDIUM,Google Chrome < 83.0.4103.61 Multiple Vulnerabilities
136770,MEDIUM,Apache Tomcat 7.0.0 < 7.0.104
136807,MEDIUM,Apache Tomcat 8.5.0 < 8.5.55
136924,MEDIUM,Wireshark 3.2.x < 3.2.4 NFS Dissector DoS Vulnerability
136946,MEDIUM,Windows 10 / Windows Server 2016 September 2017 Information Disclosure Vulnerability (CVE-2017-8529)
137049,HIGH,Mozilla Firefox < 77.0
137081,MEDIUM,Google Chrome < 83.0.4103.97 Multiple Vulnerabilities
137253,CRITICAL,Adobe Flash Player <= 32.0.0.371 (APSB20-30)
137255,HIGH,KB4561602: Windows 10 Version 1709 June 2020 Security Update
137256,HIGH,KB4561608: Windows 10 Version 1809 and Windows Server 2019 June 2020 Security Update
137258,HIGH,KB4561616: Windows 10 Version 1607 and Windows Server 2016 June 2020 Security Update
137259,HIGH,KB4561621: Windows 10 Version 1803 June 2020 Security Update
137260,HIGH,KB4561669: Windows 7 and Windows Server 2008 R2 June 2020 Security Update
137262,HIGH,KB4561673: Windows 8.1 and Windows Server 2012 R2 June 2020 Security Update
137263,HIGH,KB4561645: Windows Server 2008 June 2020 Security Update
137264,HIGH,Security Feature Bypass Vulnerability for Microsoft Excel Products (June 2020)
137265,CRITICAL,KB4561600: Security update for Adobe Flash Player (June 2020)
137266,HIGH,Security Updates for Internet Explorer (June 2020)
137267,MEDIUM,Security Updates for Microsoft Office Products (June 2020)
137272,MEDIUM,Security Feature Bypass Vulnerability for Word (June 2020)
137630,HIGH,Cisco IOS and IOS XE Software Tcl Arbitrary Code Execution (cisco-sa-tcl-ace-C9KuVKmm)
137635,MEDIUM,Google Chrome < 83.0.4103.106 Multiple Vulnerabilities
137654,HIGH,Cisco IOS, IOS XE, and NX-OS Software Security Group Tag Exchange Protocol Denial of Service Vulnerability (cisco-sa-sxp-68TEVzR)
137701,MEDIUM,Google Chrome < 83.0.4103.116 Vulnerability
138085,HIGH,Mozilla Firefox < 78.0
138087,MEDIUM,Wireshark 3.2.x < 3.2.5 A Vulnerability
138097,MEDIUM,Apache Tomcat 8.5.0 < 8.5.56
138445,MEDIUM,Mozilla Firefox < 78.0.2
138449,HIGH,Google Chrome < 84.0.4147.89 Multiple Vulnerabilities
138453,HIGH,KB4558998: Windows 10 Version 1809 and Windows Server 2019 July 2020 Security Update
138455,HIGH,KB4565489: Windows 10 Version 1803 July 2020 Security Update
138457,HIGH,KB4565508: Windows 10 Version 1709 July 2020 Security Update
138458,HIGH,KB4565511: Windows 10 Version 1607 and Windows Server 2016 July 2020 Security Update
138460,HIGH,KB4565539: Windows 7 and Windows Server 2008 R2 July 2020 Security Update
138461,HIGH,KB4565529: Windows Server 2008 July 2020 Security Update
138463,HIGH,KB4565540: Windows 8.1 and Windows Server 2012 R2 July 2020 Security Update
138464,MEDIUM,Security Updates for Microsoft .NET Framework (July 2020)
138467,HIGH,Security Updates for Internet Explorer (July 2020)
138470,MEDIUM,Security Updates for Outlook (July 2020)
138474,MEDIUM,Security Updates for Microsoft Word Products (July 2020)
138475,MEDIUM,ESXi 6.5 / 6.7 XSS (VMSA-2020-0008)
138522,MEDIUM,Oracle Java SE 1.7.0_271 / 1.8.0_261 / 1.11.0_8 / 1.14.0_2 Multiple Vulnerabilities (Jul 2020 CPU)
138561,MEDIUM,MySQL Denial of Service (Jul 2020 CPU)
138570,MEDIUM,MySQL 5.7.x < 5.7.31 Multiple Vulnerabilities (Jul 2020 CPU)
138574,MEDIUM,Apache Tomcat 8.5.0 < 8.5.57 multiple vulnerabilities
138593,MEDIUM,PHP 7.2.x < 7.2.32 / 7.3.x < 7.3.20 / 7.4.x < 7.4.8 Information Disclosure
138600,CRITICAL,Windows DNS Server RCE (CVE-2020-1350)
138602,HIGH,Microsoft OneDrive Elevation of Privilege (CVE-2020-1465)
139001,MEDIUM,Google Chrome < 84.0.4147.105 Multiple Vulnerabilities
139040,HIGH,Mozilla Firefox < 79.0
139206,MEDIUM,Dell iDRAC9 Directory Traversal (DSA-2020-128)
139233,HIGH,Foxit 3D Plugin Beta < 9.7.2.29539 RCE
139411,MEDIUM,Cisco AnyConnect Secure Mobility Client for Windows DoS
139459,HIGH,Google Chrome < 84.0.4147.125 Multiple Vulnerabilities
139484,HIGH,KB4565349: Windows 10 Version 1809 and Windows Server 2019 August 2020 Security Update
139488,HIGH,KB4571694: Windows 10 Version 1607 and Windows Server 2016 August 2020 Security Update
139489,HIGH,KB4571723: Windows 8.1 and Windows Server 2012 R2 August 2020 Security Update
139490,HIGH,KB4571709: Windows 10 Version 1803 August 2020 Security Update
139491,HIGH,KB4571719: Windows 7 and Windows Server 2008 R2 August 2020 Security Update
139497,HIGH,Security Updates for Microsoft Excel Products (August 2020)
139498,HIGH,Security Updates for Internet Explorer (August 2020)
139499,HIGH,Security Updates for Microsoft Office Products (August 2020)
139505,HIGH,Security Updates for Outlook (August 2020)
139507,MEDIUM,Security Updates for Microsoft Word Products (August 2020)
139573,MEDIUM,Wireshark 3.2.x < 3.2.6 A Vulnerability
139574,HIGH,Apache 2.4.x < 2.4.46 Multiple Vulnerabilities
139581,HIGH,Adobe Reader < 2015.006.30527 / 2017.011.30175 / 2020.001.30005 / 2020.012.20041 Multiple Vulnerabilities (APSB20-48)
139598,HIGH,Security Updates for Microsoft .NET Framework (August 2020)
139695,HIGH,Google Chrome < 84.0.4147.135 Vulnerability
139789,HIGH,Mozilla Firefox < 80.0
139794,HIGH,Google Chrome < 85.0.4183.83 Multiple Vulnerabilities
140039,MEDIUM,ESXi 6.5 / 6.7 / 7.0 DoS (VMSA-2020-0018)
140040,MEDIUM,VMware vCenter Server 6.5 / 6.7 / 7.0 DoS (VMSA-2020-0018)
140406,MEDIUM,Google Chrome < 85.0.4183.102 Multiple Vulnerabilities
140414,HIGH,KB4570333: Windows 10 Version 1809 and Windows Server 2019 September 2020 Security Update
140417,HIGH,KB4577015: Windows 10 Version 1607 and Windows Server 2016 September 2020 Security Update
140418,HIGH,KB4577032: Windows 10 Version 1803 September 2020 Security Update
140422,HIGH,KB4577053: Windows 7 and Windows Server 2008 R2 September 2020 Security Update
140424,HIGH,KB4577071: Windows 8.1 and Windows Server 2012 R2 September 2020 Security Update
140426,MEDIUM,Security Updates for Microsoft Excel Products (September 2020)
140428,MEDIUM,Security Updates for Internet Explorer (September 2020)
140430,MEDIUM,Security Updates for Microsoft Office Products (September 2020)
140433,MEDIUM,Security Updates for Microsoft Word Products (September 2020)
140532,MEDIUM,PHP 7.2.x / 7.3.x < 7.3.22 Memory Leak Vulnerability
140700,MEDIUM,Google Chrome < 85.0.4183.121 Multiple Vulnerabilities
140732,MEDIUM,Mozilla Firefox < 81.0
140757,MEDIUM,Wireshark 3.2.x < 3.2.7 Multiple Vulnerabilities
140770,HIGH,HP iLO 3 < 1.93 / HP iLO 4 < 2.75 / HP iLO Superdome 4 < 1.64 / HP iLO 5 < 2.18 / HP Moonshot/Edgeline iLO 5 < 2.30 Ripple20 Multiple vulnerabilities
141170,HIGH,Cisco IOS Software Split DNS DoS (cisco-sa-splitdns-SPWqpdGW)
141194,MEDIUM,Google Chrome < 86.0.4240.75 Multiple Vulnerabilities
141216,HIGH,Foxit PhantomPDF < 10.1 Multiple Vulnerabilities
141415,MEDIUM,Security Updates for Microsoft Word Products (October 2020)
141416,HIGH,KB4580358: Windows 8.1 and Windows Server 2012 R2 October 2020 Security Update
141417,MEDIUM,Security Updates for Microsoft Excel Products (October 2020)
141418,HIGH,Security Updates for Microsoft Office Products (October 2020)
141422,HIGH,KB4580330: Windows 10 Version 1803 October 2020 Security Update
141427,HIGH,KB4577671: Windows 10 Version 1903 and Windows 10 Version 1909 October 2020 Security Update
141428,HIGH,Security Updates for Outlook (October 2020)
141431,HIGH,KB4580387: Windows 7 and Windows Server 2008 R2 October 2020 Security Update
141434,HIGH,KB4580346: Windows 10 Version 1607 and Windows Server 2016 October 2020 Security Update
141446,MEDIUM,Apache Tomcat 9.0.0.M1 < 9.0.38
141493,HIGH,KB4580325: Security update for Adobe Flash Player (October 2020)
141494,HIGH,Adobe Flash Player <= 32.0.0.433 (APSB20-58)
141503,MEDIUM,Security Updates for Microsoft .NET Framework (October 2020)
141571,HIGH,Mozilla Firefox < 82.0
141573,MEDIUM,Google Chrome < 86.0.4240.111 Multiple Vulnerabilities
141797,HIGH,MySQL 5.7.x < 5.7.32 Multiple Vulnerabilities (Oct 2020 CPU)
141800,MEDIUM,Oracle Java SE 1.7.0_281 / 1.8.0_271 / 1.11.0_9 / 1.15.0_1 Multiple Vulnerabilities (Oct 2020 CPU)
142209,MEDIUM,Google Chrome < 86.0.4240.183 Multiple Vulnerabilities
142421,HIGH,Wireshark 3.2.x < 3.2.8 Multiple Vulnerabilities
142467,HIGH,Adobe Reader < 2017.011.30180 / 2020.001.30010 / 2020.013.20064 Multiple Vulnerabilities (APSB20-67)
142591,MEDIUM,PHP < 7.3.24 Multiple Vulnerabilities
142613,HIGH,Mozilla Firefox < 82.0.3
142641,MEDIUM,Google Chrome < 86.0.4240.193 Vulnerability
142678,MEDIUM,Wireshark 3.2.x < 3.2.8 Multiple Vulnerabilities
142680,CRITICAL,KB4586786: Windows 10 Version 1903 and Windows 10 Version 1909 November 2020 Security Update
142682,HIGH,KB4586785: Windows 10 Version 1803 November 2020 Security Update
142683,CRITICAL,KB4586805: Windows 7 and Windows Server 2008 R2 November 2020 Security Update
142685,HIGH,Security Updates for Microsoft Excel Products (November 2020)
142686,CRITICAL,KB4586823: Windows 8.1 and Windows Server 2012 R2 November 2020 Security Update
142688,LOW,Security Updates for Microsoft Word Products (November 2020)
142689,HIGH,Security Updates for Microsoft Office Products (November 2020)
142690,CRITICAL,KB4586830: Windows 10 Version 1607 and Windows Server 2016 November 2020 Security Update
142691,HIGH,Security Updates for Internet Explorer (November 2020)
142719,MEDIUM,Google Chrome < 86.0.4240.198 Multiple Vulnerabilities
142910,HIGH,Mozilla Firefox < 83.0
142971,MEDIUM,Google Chrome < 87.0.4280.66 Multiple Vulnerabilities
143221,HIGH,ESXi 6.5 / 6.7 / 7.0 Multiple Vulnerabilities (VMSA-2020-0026)
143471,HIGH,Google Chrome < 87.0.4280.88 Multiple Vulnerabilities
143555,HIGH,Security Updates for Microsoft Office Products (December 2020)
143560,HIGH,KB4592495: Windows 8.1 and Windows Server 2012 R2 December 2020 Security Update
143561,HIGH,KB4592440: Windows 10 Version 1809 and Windows Server 2019 December 2020 Security Update
143563,MEDIUM,Security Updates for Outlook (December 2020)
143564,HIGH,Security Updates for Microsoft Excel Products (December 2020)
143567,HIGH,Security Updates for Microsoft PowerPoint Products (December 2020)
143569,HIGH,KB4593226: Windows 10 Version 1607 and Windows Server 2016 December 2020 Security Update
143571,HIGH,KB4592446: Windows 10 Version 1803 December 2020 Security Update
143572,HIGH,KB4592503: Windows 7 and Windows Server 2008 R2 December 2020 Security Update
144050,MEDIUM,Apache Tomcat 9.0.0.M1 < 9.0.40 multiple vulnerabilities
144054,MEDIUM,Apache Tomcat 8.5.0 < 8.5.60 multiple vulnerabilities
144060,HIGH,PostgreSQL 9.5.x < 9.5.24 / 9.6.x < 9.6.20 / 10.x < 10.15 / 11.x < 11.10 / 12.x < 12.5 / 13.x < 13.1 Multiple Vulnerabilities
144107,MEDIUM,Adobe Reader < 2017.011.30188 / 2020.001.30018 / 2020.013.20074 Vulnerability (APSB20-75)
144282,HIGH,Mozilla Firefox < 84.0
144756,MEDIUM,Dell iDRAC XSS (DSA-2020-268)
144781,HIGH,Google Chrome < 87.0.4280.141 Multiple Vulnerabilities
144813,MEDIUM,Microsoft Teams < 1.3.0.13000 Remote Code Execution
144875,HIGH,Security Updates for Microsoft Word Products (January 2021)
144877,HIGH,KB4598289: Windows 7 and Windows Server 2008 R2 January 2021 Security Update
144879,MEDIUM,Security Updates for Microsoft Excel Products (January 2021)
144880,HIGH,KB4598245: Windows 10 Version 1803 January 2021 Security Update
144882,HIGH,KB4598243: Windows 10 Version 1607 and Windows Server 2016 January 2021 Security Update
144885,HIGH,Security Updates for Microsoft Office Products (January 2021)
144887,HIGH,KB4598230: Windows 10 Version 1809 and Windows Server 2019 January 2021 Security Update
144888,HIGH,KB4598275: Windows 8.1 and Windows Server 2012 R2 January 2021 Security Update
144945,HIGH,Cisco AnyConnect Secure Mobility Client for Windows DLL Injection (cisco-sa-anyconnect-dll-injec-pQnryXLf)
144952,CRITICAL,Microsoft Windows 10 Version 1903 Unsupported Version Detection (deprecated)
145033,MEDIUM,Security Updates for Microsoft SQL Server (January 2021)
145071,MEDIUM,Google Chrome < 88.0.4324.96 Multiple Vulnerabilities
145218,MEDIUM,Oracle Java SE 1.7.0_291 / 1.8.0_281 / 1.11.0_10 / 1.15.0_2 Information Disclosure (Windows Jan 2021 CPU)
145247,MEDIUM,MySQL 5.7.x < 5.7.33 Multiple Vulnerabilities (Jan 2021 CPU)
146060,MEDIUM,Google Chrome < 88.0.4324.146 Multiple Vulnerabilities
146204,MEDIUM,Google Chrome < 88.0.4324.150 Vulnerability
146326,HIGH,KB4601315: Windows 10 Version 1909 February 2021 Security Update
146329,HIGH,KB4601318: Windows 10 Version 1607 and Windows Server 2016 February 2021 Security Update
146336,MEDIUM,Security Updates for Microsoft Excel Products (February 2021)
146337,HIGH,KB4601345: Windows 10 Version 1809 and Windows Server 2019 February 2021 Security Update
146339,HIGH,KB4601354: Windows 10 Version 1803 February 2021 Security Update
146341,HIGH,KB4601349: Windows 8.1 and Windows Server 2012 R2 February 2021 Security Update
146342,HIGH,KB4601363: Windows 7 and Windows Server 2008 R2 February 2021 Security Update
146422,HIGH,Adobe Reader < 2017.011.30190 / 2020.001.30020 / 2021.001.20135 Multiple Vulnerabilities (APSB21-09)
146425,MEDIUM,Mozilla Firefox < 85.0.1
146544,MEDIUM,Google Chrome < 88.0.4324.182 Multiple Vulnerabilities
146825,CRITICAL,VMware vCenter Server RCE (direct check)
146826,CRITICAL,VMware vCenter Server 6.5 / 6.7 / 7.0 Multiple Vulnerabilities (VMSA-2021-0002)
146827,MEDIUM,ESXi 6.5 / 6.7 / 7.0 RCE (VMSA-2021-0002)
146948,HIGH,Google Chrome < 89.0.4389.72 Multiple Vulnerabilities
147019,MEDIUM,Apache Tomcat 8.5.0 < 8.5.63 multiple vulnerabilities
147163,MEDIUM,Apache Tomcat 7.0.0 < 7.0.108 multiple vulnerabilities
147164,MEDIUM,Apache Tomcat 9.0.0.M1 < 9.0.43 multiple vulnerabilities
147216,MEDIUM,Security Updates for Microsoft PowerPoint Products (March 2021)
147218,HIGH,Security Updates for Microsoft Office Products (March 2021)
147220,HIGH,KB5000808: Windows 10 Version 1909 March 2021 Security Update
147222,CRITICAL,KB5000803: Windows Security Update (March 2021)
147223,CRITICAL,KB5000822: Windows 10 Version 1809 and Windows Server 2019 March 2021 Security Update
147224,HIGH,KB5000809: Windows 10 Version 1803 March 2021 Security Update
147225,MEDIUM,Security Updates for Microsoft Excel Products (March 2021)
147228,MEDIUM,Security Updates for Internet Explorer (March 2021)
147229,CRITICAL,KB5000853: Windows 8.1 and Windows Server 2012 R2 March 2021 Security Update
147231,CRITICAL,KB5000851: Windows 7 and Windows Server 2008 R2 March 2021 Security Update
147645,MEDIUM,Wireshark 3.2.x < 3.2.12 A Vulnerability
147754,MEDIUM,Google Chrome < 89.0.4389.90 Multiple Vulnerabilities
148014,MEDIUM,Mozilla Firefox < 87.0
148243,MEDIUM,Google Chrome < 89.0.4389.114 Multiple Vulnerabilities
148405,MEDIUM,Apache Tomcat 7.0.0 < 7.0.107
148450,MEDIUM,Cisco AnyConnect Secure Mobility Client DoS (cisco-sa-anyconnect-dos-55AYyxYr)
148461,HIGH,KB5001337: Windows 10 version 1909 / Windows Server 1909 Security Update (Apr 2021)
148464,MEDIUM,Security Updates for Outlook (April 2021)
148465,MEDIUM,KB5001347: Windows 10 version 1607 / Windows Server 2016 Security Update (Apr 2021)
148466,MEDIUM,KB5001335: Windows 7 and Windows Server 2008 R2 Security Update (Apr 2021)
148468,HIGH,KB5001339: Windows 10 version 1803 Security Update (April 2021)
148470,MEDIUM,Security Updates for Microsoft Excel Products (April 2021)
148473,HIGH,KB5001342: Windows 10 version 1809 / Windows Server 2019 Security Update (Apr 2021)
148474,MEDIUM,Security Updates for Microsoft Office Products (April 2021)
148477,MEDIUM,KB5001382: Windows 8.1 and Windows Server 2012 R2 Security Update (Apr 2021)
148478,MEDIUM,Security Updates for Microsoft Word Products (April 2021)
148482,CRITICAL,KB5001633: Windows Server 2016 OOB Update (Mar 2021) (deprecated)
148487,MEDIUM,Google Chrome < 89.0.4389.128 Multiple Vulnerabilities
148558,MEDIUM,Google Chrome < 90.0.4430.72 Multiple Vulnerabilities
148693,MEDIUM,Microsoft Edge (Chromium) < 90.0.818.39 Multiple Vulnerabilities
148767,MEDIUM,Mozilla Firefox < 88.0
148848,MEDIUM,Google Chrome < 90.0.4430.85 Multiple Vulnerabilities
148936,MEDIUM,MySQL 5.7.x < 5.7.34 Multiple Vulnerabilities (Apr 2021 CPU)
148946,MEDIUM,Wireshark 3.2.x < 3.2.13 A Vulnerability
148956,MEDIUM,Dell iDRAC Multiple Vulnerabilities (DSA-2021-073)
148960,MEDIUM,Oracle Java SE 1.7.0_301 / 1.8.0_291 / 1.11.0_11 / 1.16.0_1 Multiple Vulnerabilities (Apr 2021 CPU)
148996,MEDIUM,Google Chrome < 90.0.4430.93 Multiple Vulnerabilities
149281,MEDIUM,Mozilla Firefox < 88.0.1
149379,HIGH,Adobe Reader < 2017.011.30196 / 2020.001.30025 / 2021.001.20155 Multiple Vulnerabilities (APSB21-29)
149382,HIGH,KB5003171: Windows 10 version 1809 / Windows Server 2019 Security Update (May 2021)
149383,HIGH,KB5003169: Windows 10 version 1909 Security Update (May 2021)
149386,HIGH,Security Updates for Internet Explorer (May 2021)
149390,HIGH,KB5003197: Windows 10 1607 / Windows Server 2016 Security Update (May 2021)
149391,HIGH,KB5003174: Windows 10 version 1803 Security Update (May 2021)
149392,HIGH,KB5003233: Windows 7 and Windows Server 2008 R2 Security Update (May 2021)
149394,HIGH,KB5003209: Windows 8.1 and Windows Server 2012 R2 Security Update (May 2021)
149397,MEDIUM,Security Updates for Microsoft Excel Products (May 2021)
149398,HIGH,KB5003173: Windows 10 version 2004 / Windows 10 version 20H2 Security Update (May 2021)
149399,MEDIUM,Security Updates for Microsoft Word Products (May 2021)
149401,MEDIUM,Security Updates for Microsoft Office Products (May 2021)
149412,MEDIUM,Google Chrome < 90.0.4430.212 Multiple Vulnerabilities
149448,HIGH,Cisco AnyConnect Secure Mobility Client for Windows DLL and Executable Hijacking Vulnerabilities (cisco-sa-anyconnect-code-exec-jR3tWTA6)
149900,MEDIUM,Google Chrome < 91.0.4472.77 Multiple Vulnerabilities
149902,CRITICAL,VMware vCenter Server 6.5 / 6.7 / 7.0 Multiple Vulnerabilities (VMSA-2021-0010)
150119,MEDIUM,Mozilla Firefox < 89.0
150163,CRITICAL,VMware vCenter Server Virtual SAN Health Check plug-in RCE (CVE-2021-21985) (direct check)
150244,MEDIUM,Apache 2.4.x < 2.4.48 Vulnerability
150280,HIGH,Apache 2.4.x < 2.4.47 Multiple Vulnerabilities
150341,MEDIUM,Adobe Reader < 2017.011.30197 / 2020.004.30005 / 2021.005.20048 Multiple Vulnerabilities (APSB21-37)
150351,MEDIUM,Security Updates for Outlook (June 2021)
150354,HIGH,KB5003681: Windows 8.1 and Windows Server 2012 R2 Security Update (June 2021)
150356,MEDIUM,Security Updates for Microsoft Office Products (June 2021)
150365,MEDIUM,Security Update for .NET Core SDK (June 2021)
150367,HIGH,KB5003638: Windows 10 version 1607 / Windows Server 2016 Security Update (June 2021)
150368,HIGH,KB5003694: Windows 7 and Windows Server 2008 R2 Security Update (June 2021)
150369,HIGH,KB5003635: Windows 10 version 1909 Security Update (June 2021)
150370,HIGH,KB5003637: Windows 10 version 2004 / Windows 10 version 20H2 / Windows 10 version 21H1 Security Update (June 2021)
150371,MEDIUM,Security Updates for Microsoft Excel Products (June 2021)
150374,HIGH,KB5003646: Windows 10 version 1809 / Windows Server 2019 Security Update (June 2021)
150430,MEDIUM,Google Chrome < 91.0.4472.101 Multiple Vulnerabilities
150708,MEDIUM,Security Update for .NET Core (June 2021)
150721,MEDIUM,Microsoft Edge (Chromium) < 91.0.864.48 Multiple Vulnerabilities
150802,MEDIUM,Mozilla Firefox < 89.0.1
150811,MEDIUM,Cisco AnyConnect Secure Mobility Client for Windows with VPN Posture (HostScan) Module DLL Hijacking Vulnerability (cisco-sa-anyconnect-pos-dll-ff8j6dFv)
150854,MEDIUM,Google Chrome < 91.0.4472.114 Multiple Vulnerabilities
150982,MEDIUM,VMware vCenter Server 6.5 / 6.7 Session Hijack (VMSA-2020-0023)
151473,HIGH,KB5004947: Windows 10 1809 and Windows Server 2019 OOB Security Update RCE (July 2021)
151474,HIGH,KB5004948: Windows 10 1607 and Windows Server 2016 OOB Security Update RCE (July 2021)
151476,HIGH,KB5004951: Windows 7 and Windows Server 2008 R2 OOB Security Update RCE (July 2021)
151477,HIGH,KB5004958: Windows Server 2012 R2 OOB Security Update RCE (July 2021)
151488,HIGH,Windows PrintNightmare Registry Exposure CVE-2021-34527 OOB Security Update RCE (July 2021)
151502,MEDIUM,Apache Tomcat 10.0.0.M1 < 10.0.6
151571,HIGH,Mozilla Firefox < 90.0
151586,HIGH,Adobe Reader < 2017.011.30199 / 2020.004.30006 / 2021.005.20058 Multiple Vulnerabilities (APSB21-51)
151588,HIGH,KB5004244: Windows 10 version 1809 / Windows Server 2019 Security Update (July 2021)
151590,MEDIUM,Security Updates for Microsoft Word Products (July 2021)
151592,HIGH,KB5004238: Windows 10 Version 1607 / Windows Server 2016 Security Update (July 2021)
151595,MEDIUM,Security Updates for Microsoft Office Products (July 2021)
151597,HIGH,Security Updates for Internet Explorer (July 2021)
151598,HIGH,KB5004298: Windows 8.1 and Windows Server 2012 R2 Security Update (July 2021)
151609,MEDIUM,Security Updates for Microsoft Excel Products (July 2021)
151611,HIGH,KB5004307: Windows 7 and Windows Server 2008 R2 Security Update (July 2021)
151643,MEDIUM,Wireshark 3.2.x < 3.2.15 A Vulnerability
151646,CRITICAL,Serv-U FTP Server <= 15.2.3 Hotfix 1 Memory Escape Vulnerability
151665,MEDIUM,ESXi 6.5 / 6.7 / 7.0 Multiple Vulnerabilities (VMSA-2021-0014)
151672,MEDIUM,Google Chrome < 91.0.4472.164 Multiple Vulnerabilities
151831,MEDIUM,Google Chrome < 92.0.4515.107 Multiple Vulnerabilities
151969,MEDIUM,MySQL 5.7.x < 5.7.35 Multiple Vulnerabilities (Jul 2021 CPU)
152020,MEDIUM,Oracle Java SE 1.7.0_311 / 1.8.0_301 / 1.11.0_12 / 1.16.0_2 Multiple Vulnerabilities (July 2021 CPU)
152182,MEDIUM,Apache Tomcat 9.0.0.M1 < 9.0.48
152183,MEDIUM,Apache Tomcat 8.5.0 < 8.5.68
152189,MEDIUM,Google Chrome < 92.0.4515.131 Multiple Vulnerabilities
152412,MEDIUM,Mozilla Firefox < 91.0
152432,MEDIUM,Security Updates for Internet Explorer (August 2021)
152433,HIGH,KB5005106: Windows 8.1 and Windows Server 2012 R2 Security Update (August 2021)
152434,HIGH,KB5005043: Windows 10 Version 1607 and Windows Server 2016 Security Update (August 2021)
152435,HIGH,KB5005030: Windows 10 Version 1809 and Windows Server 2019 Security Update (August 2021)
152436,HIGH,KB5005089: Windows 7 and Windows Server 2008 R2 Security Update (August 2021)
152488,MEDIUM,Security Update for .NET Core (August 2021)
152587,MEDIUM,Security Updates for Internet Explorer (June 2021)
152609,MEDIUM,Google Chrome < 92.0.4515.159 Multiple Vulnerabilities
152635,MEDIUM,Mozilla Firefox < 91.0.1
152701,HIGH,Wind River VxWorks < 7.0 Multiple Vulnerabilities
152928,MEDIUM,Google Chrome < 93.0.4577.63 Multiple Vulnerabilities
153089,MEDIUM,Mozilla Firefox < 92.0
153255,MEDIUM,Google Chrome < 93.0.4577.82 Multiple Vulnerabilities
153364,MEDIUM,Adobe Reader < 2017.011.30202 / 2020.004.30015 / 2021.007.20091 Multiple Vulnerabilities (APSB21-55)
153373,HIGH,KB5005568: Windows 10 Version 1809 and Windows Server 2019 September 2021 Security Update
153374,MEDIUM,Security Updates for Internet Explorer (September 2021)
153375,HIGH,KB5005627: Windows 8.1 and Windows Server 2012 R2 September 2021 Security Update
153377,HIGH,KB5005573: Windows 10 Version 1607 and Windows Server 2016 September 2021 Security Update
153379,HIGH,KB5005615: Windows 7 and Windows Server 2008 R2 September 2021 Security Update
153380,MEDIUM,Security Updates for Microsoft Excel Products (September 2021)
153382,MEDIUM,Microsoft Windows MPEG-2 Video Extension RCE (September 2021)
153387,MEDIUM,Security Updates for Microsoft Office Products (September 2021)
153515,MEDIUM,Google Chrome < 94.0.4606.54 Multiple Vulnerabilities
153544,HIGH,VMware vCenter Server < 6.7 Multiple Vulnerabilities (VMSA-2021-0020)
153583,MEDIUM,Apache < 2.4.49 Multiple Vulnerabilities
153584,HIGH,Apache < 2.4.49 Multiple Vulnerabilities
153585,MEDIUM,Apache >= 2.4.17 < 2.4.49 mod_http2
153586,MEDIUM,Apache >= 2.4.30 < 2.4.49 mod_proxy_uwsgi
153630,MEDIUM,Google Chrome < 94.0.4606.61 Vulnerability
153829,MEDIUM,Google Chrome < 94.0.4606.71 Multiple Vulnerabilities
153881,MEDIUM,Mozilla Firefox < 93.0
153889,HIGH,VMware vCenter Server Arbitrary File Upload (VMSA-2021-0020)
153931,MEDIUM,Google Chrome < 94.0.4606.81 Multiple Vulnerabilities
154026,HIGH,KB5006672: Windows 10 Version 1809 and Windows Server 2019 Security Update (October 2021)
154027,MEDIUM,Security Updates for Microsoft Excel Products (October 2021)
154031,MEDIUM,Security Updates for Microsoft Word Products (October 2021)
154032,MEDIUM,Security Updates for Internet Explorer (October 2021)
154034,HIGH,KB5006669: Windows 10 Version 1607 and Windows Server 2016 Security Update (October 2021)
154035,HIGH,KB5006728: Windows 7 and Windows Server 2008 R2 Security Update (October 2021)
154038,MEDIUM,Security Updates for Microsoft Office Products (October 2021)
154040,HIGH,KB5006729: Windows 8.1 and Windows Server 2012 R2 Security Update (October 2021)
154238,MEDIUM,Google Chrome < 95.0.4638.54 Multiple Vulnerabilities
154259,HIGH,MySQL 5.7.x < 5.7.36 Multiple Vulnerabilities (Oct 2021 CPU)
154344,HIGH,Oracle Java SE 1.7.0_321 / 1.8.0_311 / 1.11.0_13 / 1.17.0_1 Multiple Vulnerabilities (October 2021 CPU)
154349,MEDIUM,PHP 7.4.x < 7.4.25
154458,HIGH,Wind River VxWorks <= 6.8 RCE
154706,MEDIUM,Google Chrome < 95.0.4638.69 Multiple Vulnerabilities
154819,HIGH,Mozilla Firefox < 94.0
154956,CRITICAL,Microsoft Windows Server Version 1809 Unsupported Version Detection
154982,MEDIUM,Security Updates for Microsoft Excel Products (November 2021)
154984,HIGH,KB5007233: Windows 7 and Windows Server 2008 R2 Security Update (November 2021)
154986,HIGH,KB5007186:  Windows 10 Version 2004 / Windows 10 Version 20H2 / Windows 10 Version 21H1 (November 2021) 
154990,HIGH,KB5007192: Windows 10 Version 1607 and Windows Server 2016 Security Update (November 2021)
154993,HIGH,KB5007206: Windows 10 Version 1809 and Windows Server 2019 Security Update (November 2021)
154996,HIGH,KB5007255: Windows 8.1 and Windows Server 2012 R2 Security Update (November 2021)
155000,MEDIUM,Security Updates for Microsoft Office Products (November 2021)
155352,MEDIUM,Google Chrome < 96.0.4664.45 Multiple Vulnerabilities
155589,MEDIUM,PHP 7.4.x < 7.4.26
155790,HIGH,VMware vCenter Server 6.5 / 6.7 Multiple Vulnerabilities (VMSA-2021-0027)
155867,MEDIUM,Google Chrome < 96.0.4664.93 Multiple Vulnerabilities
155917,MEDIUM,Mozilla Firefox < 95.0
156002,HIGH,Apache Log4j < 2.15.0 Remote Code Execution (Windows)
156033,MEDIUM,Google Chrome < 96.0.4664.110 Multiple Vulnerabilities
156057,MEDIUM,Apache Log4j 2.x < 2.16.0 RCE
156062,MEDIUM,Security Updates for Microsoft Office Products (December 2021)
156063,HIGH,KB5008207: Windows 10 Version 1607 and Windows Server 2016 Security Update (December 2021)
156069,HIGH,KB5008282: Windows 7 and Windows Server 2008 R2 Security Update (December 2021)
156071,HIGH,KB5008218: Windows 10 version 1809 / Windows Server 2019 Security Update (December 2021)
156073,HIGH,KB5008285: Windows 8.1 and Windows Server 2012 R2 Security Update (December 2021)
156074,MEDIUM,Security Updates for Microsoft Excel Products (December 2021)
156103,MEDIUM,Apache Log4j 1.2 JMSAppender Remote Code Execution (CVE-2021-4104)
156183,MEDIUM,Apache Log4j 2.x < 2.17.0 DoS
156227,MEDIUM,Security Updates for Microsoft ASP.NET Core (December 2021)
156255,HIGH,Apache 2.4.x >= 2.4.7 / < 2.4.52 Forward Proxy DoS / SSRF
156327,HIGH,Apache Log4j 2.0 < 2.3.2 / 2.4 < 2.12.4 / 2.13 < 2.17.1 RCE
156462,MEDIUM,Google Chrome < 97.0.4692.71 Multiple Vulnerabilities
156606,CRITICAL,Mozilla Firefox < 96.0
156619,CRITICAL,KB5009546: Windows 10 Version 1607 and Windows Server 2016 Security Update (January 2022)
156621,CRITICAL,KB5009557: Windows 10 Version 1809 and Windows Server 2019 Security Update (January 2022)
156624,HIGH,KB5009595: Windows 8.1 and Windows Server 2012 R2 Security Updates (January 2022)
156627,HIGH,KB5009621: Windows 7 and Windows Server 2008 R2 Security Update (January 2022)
156628,HIGH,Security Updates for Microsoft Excel Products (January 2022)
156630,HIGH,Security Updates for Microsoft Office Products (January 2022)
156631,MEDIUM,Security Updates for Microsoft Word Products (January 2022)
156668,HIGH,Adobe Reader < 17.011.30207 / 20.004.30020 / 21.011.20039 Multiple Vulnerabilities (APSB22-01)
156860,HIGH,Apache Log4j 1.x Multiple Vulnerabilities
156862,MEDIUM,Google Chrome < 97.0.4692.99 Multiple Vulnerabilities
156886,MEDIUM,Serv-U FTP Server < 15.3 Improper Input Validation
156887,MEDIUM,Oracle Java SE 1.7.0_331 / 1.8.0_321 / 1.11.0_14 / 1.17.0_2 Multiple Vulnerabilities (January 2022 CPU)
157293,MEDIUM,Google Chrome < 98.0.4758.80 Multiple Vulnerabilities
157360,HIGH,Samba 4.0.x < 4.13.17 / 4.14.x < 4.14.12 / 4.15.x < 4.15.5 Multiple Vulnerabilities
157369,MEDIUM,Microsoft Edge (Chromium) < 98.0.1108.43 Multiple Vulnerabilities
157427,HIGH,KB5010422: Windows 7 and Windows Server 2008 R2 Security Update (February 2022)
157431,HIGH,KB5010395: Windows 8.1 and Windows Server 2012 R2 Security Update (February 2022)
157432,HIGH,KB5010351: Windows 10 version 1809 / Windows Server 2019 Security Update (February 2022)
157433,MEDIUM,Security Updates for Microsoft Office Products (February 2022)
157436,HIGH,KB5010359: Windows 10 Version 1607 and Windows Server 2016 Security Update (February 2022)
157441,MEDIUM,Security Updates for Microsoft Excel Products (February 2022)
157443,CRITICAL,Mozilla Firefox < 97.0
157879,MEDIUM,Security Update for .NET Core (February 2022)
157881,MEDIUM,Microsoft Edge (Chromium) < 98.0.1108.50 Vulnerability
157893,HIGH,Wireshark 3.4.x < 3.4.12 A Vulnerability
158051,MEDIUM,Google Chrome < 98.0.4758.102 Multiple Vulnerabilities
158097,MEDIUM,Microsoft Edge (Chromium) < 98.0.1108.55 Multiple Vulnerabilities
158133,MEDIUM,PHP 7.4.x < 7.4.28
158168,HIGH,Zoom Client < 5.8.4 Multiple Vulnerabilities
158494,MEDIUM,ESXi 6.5 / 6.7 / 7.0 Multiple Vulnerabilities (VMSA-2022-0004)
158500,MEDIUM,Google Chrome < 99.0.4844.51 Multiple Vulnerabilities
158583,MEDIUM,Microsoft Edge (Chromium) < 99.0.1150.30 Multiple Vulnerabilities
158654,CRITICAL,Mozilla Firefox < 97.0.2
158694,CRITICAL,Mozilla Firefox < 98.0
158702,HIGH,KB5011560: Windows 8.1 and Windows Server 2012 R2 Security Update (March 2022)
158704,HIGH,KB5011495: Windows 10 Version 1607 and Windows Server 2016 Security Update (March 2022)
158705,MEDIUM,Security Updates for Microsoft Word Products (March 2022)
158708,MEDIUM,Microsoft Windows HEIF Image Extensions RCE (March 2022)
158712,HIGH,KB5011503: Windows 10 version 1809 / Windows Server 2019 Security Update (March 2022)
158718,HIGH,KB5011529: Windows 7 and Windows Server 2008 R2 (March 2022) Security Update
158744,MEDIUM,Security Updates for Microsoft .NET core (March 2022)
158900,HIGH,Apache 2.4.x < 2.4.53 Multiple Vulnerabilities
158936,CRITICAL,Google Chrome < 99.0.4844.74 Multiple Vulnerabilities
158992,HIGH,Wireshark 3.6.x < 3.6.2 Multiple Vulnerabilities
159037,CRITICAL,Microsoft Edge (Chromium) < 99.0.1150.46 Multiple Vulnerabilities
159235,CRITICAL,Google Chrome < 99.0.4844.84 Vulnerability
159239,CRITICAL,Microsoft Edge (Chromium) < 99.0.1150.55 Vulnerability
159304,CRITICAL,Google Chrome < 100.0.4896.60 Multiple Vulnerabilities
159464,LOW,Apache Tomcat 9.0.0.M1 < 9.0.62 Spring4Shell CVE-2021-43980
159465,MEDIUM,Microsoft Edge (Chromium) < 100.0.1185.29 Multiple Vulnerabilities
159494,CRITICAL,Google Chrome < 100.0.4896.75 Vulnerability
159530,MEDIUM,Mozilla Firefox < 99.0
159592,CRITICAL,Microsoft Edge (Chromium) < 100.0.1185.36 Vulnerability
159638,CRITICAL,Google Chrome < 100.0.4896.88 Multiple Vulnerabilities
159643,MEDIUM,Dell EMC iDRAC8 < 2.83.83.83 (DSA-2022-069)
159657,HIGH,Adobe Reader < 17.012.30227 / 20.005.30331 / 22.001.20112 Multiple Vulnerabilities (APSB22-16)
159672,CRITICAL,KB5012649: Windows 7 and Windows Server 2008 R2 Security Update (April 2022)
159673,MEDIUM,Security Updates for Microsoft Excel Products (April 2022)
159675,CRITICAL,KB5012647: Windows 10 version 1809 / Windows Server 2019 Security Update (April 2022)
159677,CRITICAL,KB5012596: Windows 10 version 1607 / Windows Server 2016 Security Update (April 2022)
159682,CRITICAL,KB5012670: Windows 8.1 and Windows Server 2012 R2 Security Update (April 2022)
159683,MEDIUM,Security Updates for Microsoft Office Products (April 2022)
159741,CRITICAL,Google Chrome < 100.0.4896.127 Vulnerability
159816,CRITICAL,Microsoft Edge (Chromium) < 100.0.1185.44 Multiple Vulnerabilities
159975,MEDIUM,Oracle Java SE Multiple Vulnerabilities (April 2022 CPU) (deprecated)
160217,CRITICAL,Google Chrome < 101.0.4951.41 Multiple Vulnerabilities
160319,CRITICAL,Microsoft Edge (Chromium) < 101.0.1210.32 Multiple Vulnerabilities
160465,CRITICAL,Mozilla Firefox < 100.0
160894,MEDIUM,Apache Tomcat 9.0.13 < 9.0.63
160906,CRITICAL,Google Chrome < 101.0.4951.64 Multiple Vulnerabilities
160928,HIGH,KB5013941: Windows 10 version 1809 / Windows Server 2019 Security Update (May 2022)
160931,HIGH,KB5014001: Windows 8.1 and Windows Server 2012 R2 Security Update (May 2022)
160934,HIGH,KB5013952: Windows 10 Version 1607 and Windows Server 2016 Security Update (May 2022)
160937,HIGH,KB5013999: Windows 7 and Windows Server 2008 R2 Security Update (May 2022)
160940,HIGH,Security Updates for Microsoft Excel Products (May 2022)
161167,MEDIUM,Security Updates for Microsoft .NET core (May 2022)
161198,CRITICAL,Microsoft Edge (Chromium) < 101.0.1210.47 Multiple Vulnerabilities
161415,CRITICAL,Mozilla Firefox < 100.0.2
161454,HIGH,Apache 2.4.x < 2.4.52 mod_lua Buffer Overflow
161477,CRITICAL,Google Chrome < 102.0.5005.61 Multiple Vulnerabilities
161716,CRITICAL,Mozilla Firefox < 101.0
161717,MEDIUM,Microsoft Edge (Chromium) < 102.0.1245.30 Multiple Vulnerabilities
161754,MEDIUM,Security Updates for Microsoft Office Products C2R (November 2021)
161757,MEDIUM,Security Updates for Microsoft Excel Products C2R (November 2021)
161798,MEDIUM,Dell EMC iDRAC8 < 2.80.80.80 / Dell EMC iDRAC9 < 4.40.40.00 (DSA-2021-177)
161800,MEDIUM,Dell EMC iDRAC9 < 5.00.00.00 (DSA-2021-177)
161921,CRITICAL,Microsoft Windows 10 Version 20H2 Unsupported Version Detection (deprecated)
161948,MEDIUM,Apache 2.4.x < 2.4.54 Multiple Vulnerabilities
161971,MEDIUM,PHP 7.4.x < 7.4.30 Multiple Vulnerabilities
161979,CRITICAL,Google Chrome < 102.0.5005.115 Multiple Vulnerabilities
161989,MEDIUM,Microsoft Edge (Chromium) < 102.0.1245.39 Vulnerability
162016,MEDIUM,Security Updates for Microsoft Word Products C2R (August 2021)
162019,MEDIUM,Security Updates for Microsoft Word Products C2R (January 2022)
162020,MEDIUM,Security Updates for Microsoft Office Products C2R (December 2021)
162044,HIGH,Security Updates for Microsoft Office Products C2R (January 2022)
162045,HIGH,Security Updates for Microsoft Excel Products C2R (January 2022)
162046,HIGH,Security Updates for Microsoft Excel Products C2R (May 2022)
162168,CRITICAL,Microsoft Edge (Chromium) < 102.0.1245.41 Multiple Vulnerabilities
162191,HIGH,KB5014742: Windows 7 and Windows Server 2008 R2 Security Update (June 2022)
162196,CRITICAL,KB5014702: Windows 10 Version 1607 and Windows Server 2016 Security Update (June 2022)
162197,CRITICAL,KB5014692: Windows 10 version 1809 / Windows Server 2019 Security Update (June 2022)
162202,CRITICAL,KB5014746: Windows 8.1 and Windows Server 2012 R2 Security Update (June 2022)
162422,CRITICAL,Google Chrome < 103.0.5060.53 Multiple Vulnerabilities
162428,MEDIUM,Dell EMC iDRAC8 < 2.83.83.83 / Dell EMC iDRAC9 < 5.10.30.00 (DSA-2022-154)
162498,MEDIUM,Apache Tomcat 9.0.30 < 9.0.65
162502,MEDIUM,Apache Tomcat 8.5.50 < 8.5.82
162503,MEDIUM,Microsoft Edge (Chromium) < 103.0.1264.37 Multiple Vulnerabilities
162602,CRITICAL,Mozilla Firefox < 102.0
162624,MEDIUM,Microsoft Edge (Chromium) < 103.0.1264.44 Vulnerability
162706,CRITICAL,Google Chrome < 103.0.5060.114 Multiple Vulnerabilities
162776,CRITICAL,Microsoft Edge (Chromium) < 103.0.1264.49 Vulnerability
163033,HIGH,Adobe Reader < 17.012.30249 / 20.005.30362 / 22.001.20169 Multiple Vulnerabilities (APSB22-32)
163042,HIGH,KB5015877: Windows 8.1 and Windows Server 2012 R2 Security Update (July 2022)
163046,HIGH,KB5015811: Windows 10 version 1809 / Windows Server 2019 Security Update (July 2022)
163050,HIGH,KB5015862: Windows 7 and Windows Server 2008 R2 Security Update (July 2022)
163052,HIGH,KB5015808: Windows 10 Version 1607 and Windows Server 2016 Security Update (July 2022)
163100,HIGH,VMware vCenter Server 6.5 / 6.7 / 7.0 SSRF (VMSA-2022-0018)
163273,CRITICAL,Google Chrome < 103.0.5060.134 Multiple Vulnerabilities
163304,MEDIUM,Oracle Java SE Multiple Vulnerabilities (July 2022 CPU)
163497,CRITICAL,Mozilla Firefox < 103.0
163724,CRITICAL,Google Chrome < 104.0.5112.79 Multiple Vulnerabilities
163762,HIGH,LibreOffice < 7.2.7 / 7.3.2 Improper Certificate Validation (Windows)
163764,HIGH,LibreOffice < 7.2.7 / 7.3 < 7.3.3 Multiple Vulnerabilities (Windows)
163940,CRITICAL,KB5016622: Windows 10 Version 1607 and Windows Server 2016 Security Update (August 2022)
163944,HIGH,Security Updates for Outlook (August 2022)
163946,CRITICAL,KB5016623: Windows 10 version 1809 / Windows Server 2019 Security Update (August 2022)
163947,CRITICAL,KB5016683: Windows 8.1 and Windows Server 2012 R2 Security Update (August 2022)
163950,CRITICAL,Security Updates for Microsoft Office Products (August 2022)
163952,CRITICAL,KB5016679: Windows 7 and Windows Server 2008 R2 Security Update (August 2022)
163955,HIGH,Adobe Reader < 17.012.30262 / 20.005.30381 / 22.002.20191 Multiple Vulnerabilities (APSB22-39)
163958,UNKNOWN,Plugin 163958
164042,HIGH,Security Updates for Outlook C2R DoS (August 2022)
164043,CRITICAL,Security Updates for Microsoft Office Products C2R RCE (August 2022)
164155,CRITICAL,Google Chrome < 104.0.5112.101 Multiple Vulnerabilities (deprecated)
164344,CRITICAL,Mozilla Firefox < 104.0
164508,CRITICAL,Google Chrome < 105.0.5195.52 Multiple Vulnerabilities
164656,CRITICAL,Google Chrome < 105.0.5195.102 Vulnerability
164838,MEDIUM,Wireshark 3.4.x < 3.4.16 A Vulnerability
164993,HIGH,Security Updates for Microsoft Office Products (September 2022)
164996,CRITICAL,KB5017305: Windows 10 Version 1607 and Windows Server 2016 Security Update (September 2022)
164997,CRITICAL,KB5017315: Windows 10 version 1809 / Windows Server 2019 Security Update (September 2022)
165002,CRITICAL,KB5017373: Windows Server 2008 R2 Security Update (September 2022)
165005,CRITICAL,KB5017365: Windows 8.1 and Windows Server 2012 R2 Security Update (September 2022)
165068,CRITICAL,Google Chrome < 105.0.5195.125 Multiple Vulnerabilities
165175,HIGH,Security Updates for Microsoft PowerPoint Products (September 2022)
165262,CRITICAL,Mozilla Firefox < 105.0
165502,CRITICAL,Google Chrome < 106.0.5249.61 Multiple Vulnerabilities
165545,HIGH,PHP 7.4.x < 7.4.32 Multiple Vulnerabilities
165590,CRITICAL,Google Chrome < 106.0.5249.91 Multiple Vulnerabilities
166024,CRITICAL,KB5018479: Windows 7 / Windows Server 2008 R2 Security Update (October 2022)
166025,CRITICAL,KB5018419: Windows 10 version 1809 / Windows Server 2019 Security Update (October 2022)
166030,CRITICAL,KB5018476: Windows 8.1 and Windows Server 2012 R2 Security Update (October 2022)
166034,CRITICAL,KB5018410: Windows 10 Version 20H2 / 21H1 / 21H2 Security Update (October 2022)
166037,HIGH,Security Updates for Microsoft Office Products (October 2022)
166039,CRITICAL,KB5018411: Windows 10 Version 1607 and Windows Server 2016 Security Update (October 2022)
166041,HIGH,Adobe Acrobat < 20.005.30407 / 22.003.20258 Multiple Vulnerabilities (APSB22-46)
166043,HIGH,Adobe Reader < 20.005.30407 / 22.003.20258 Multiple Vulnerabilities (APSB22-46)
166045,CRITICAL,Google Chrome < 106.0.5249.119 Multiple Vulnerabilities
166060,HIGH,Security Updates for Microsoft Word Products C2R (October 2022)
166061,HIGH,Security Updates for Microsoft Office Products C2R (October 2022)
166101,HIGH,VMware vCenter Server 6.5 < 6.5 U3u RCE (VMSA-2022-0025)
166209,CRITICAL,Mozilla Firefox < 106.0
166316,MEDIUM,Oracle Java SE Multiple Vulnerabilities (October 2022 CPU)
166468,CRITICAL,Google Chrome < 107.0.5304.62 Multiple Vulnerabilities
166608,CRITICAL,Wireshark 3.6.x < 3.6.9 Multiple Vulnerabilities
166631,CRITICAL,Google Chrome < 107.0.5304.87 Vulnerability
166807,HIGH,Apache Tomcat 8.5.0 < 8.5.83
166901,CRITICAL,PHP 7.4.x < 7.4.33 Multiple Vulnerabilities
166906,HIGH,Apache Tomcat 9.0.0.M1 < 9.0.68
167101,CRITICAL,Google Chrome < 107.0.5304.106 Multiple Vulnerabilities (deprecated)
167103,CRITICAL,KB5020013: Windows Server 2008 R2 Security Update (November 2022)
167108,HIGH,Security Updates for Microsoft Excel Products (November 2022)
167109,CRITICAL,KB5020010: Windows 8.1 and Windows Server 2012 R2 Security Update (November 2022)
167110,HIGH,Security Updates for Microsoft Word Products (November 2022)
167111,CRITICAL,KB5019964: Windows 10 Version 1607 and Windows Server 2016 Security Update (November 2022)
167112,CRITICAL,KB5019966: Windows 10 version 1809 / Windows Server 2019 Security Update (November 2022)
167115,CRITICAL,KB5019959: Windows 10 Version 20H2 / 21H1 / 21H2 / 22H2 Security Update (November 2022)
167254,MEDIUM,Security Updates for Microsoft .NET Framework (November 2022)
167508,MEDIUM,Dell EMC iDRAC8 < 2.84.84.84 (DSA-2022-265)
167509,MEDIUM,Dell EMC iDRAC9 < 6.00.30.00 (DSA-2022-265)
167633,CRITICAL,Mozilla Firefox < 107.0
167885,MEDIUM,Security Updates for Microsoft .NET Framework (May 2022)
168181,CRITICAL,Google Chrome < 107.0.5304.121 Vulnerability
168222,HIGH,Security Updates for Microsoft Word Products C2R (November 2022)
168223,HIGH,Security Updates for Microsoft Excel Products C2R (November 2022)
168224,HIGH,Security Updates for Microsoft Office Products C2R (November 2022)
168273,CRITICAL,Google Chrome < 108.0.5359.71 Multiple Vulnerabilities
168372,CRITICAL,Google Chrome < 108.0.5359.94 Vulnerability
168395,MEDIUM,Security Updates for Microsoft .NET Framework (April 2022)
168396,MEDIUM,Security Updates for Microsoft .NET Framework (February 2021)
168397,MEDIUM,Security Updates for Microsoft .NET Framework (January 2022)
168651,CRITICAL,Mozilla Firefox < 108.0
168681,HIGH,KB5021288: Windows Server 2008 R2 Security Update (December 2022)
168687,HIGH,KB5021296: Windows 8.1 and Windows Server 2012 R2 Security Update (December 2022)
168693,HIGH,KB5021237: Windows 10 version 1809 / Windows Server 2019 Security Update (December 2022)
168699,CRITICAL,Google Chrome < 108.0.5359.124 Multiple Vulnerabilities
168701,CRITICAL,Google Chrome < 108.0.5359.125 Multiple Vulnerabilities (deprecated)
168729,HIGH,Security Updates for Microsoft Office Products C2R (December 2022)
168731,HIGH,Security Updates for Microsoft OneNote C2R (December 2022)
168745,HIGH,Security Updates for Microsoft .NET Framework (December 2022)
168746,MEDIUM,VMware vCenter Server 6.5 < 6.5 U3u / 6.7 < 6.7.0 U3s / 7.0 < 7.0 U3i  Multiple Vulnerabilities (VMSA-2022-0030)
168747,HIGH,Security Updates for Microsoft .NET Core (December 2022)
168792,CRITICAL,Zoom Client for Meetings < 5.12.2 Vulnerability (ZSB-22024)
168797,HIGH,Zoom Client for Meetings < 5.8.4 Vulnerability (ZSB-21019)
168807,HIGH,Zoom Client for Meetings < 5.6.3 Vulnerability (ZSB-22002)
168816,HIGH,Zoom Client for Meetings < 5.6.3 Vulnerability (ZSB-21002)
168821,CRITICAL,Zoom Client for Meetings < 5.3.0 Vulnerability (ZSB-21003)
168828,MEDIUM,ESXi 6.5 / 6.7 / 7.0 Multiple Vulnerabilities (VMSA-2022-0030)
169458,HIGH,Apache Tomcat 8.5.83
169758,CRITICAL,Google Chrome < 109.0.5414.74 Multiple Vulnerabilities
169775,HIGH,Security Updates for Microsoft .NET Core (January 2023)
169779,CRITICAL,KB5022289: Windows 10 Version 1607 and Windows Server 2016 Security Update (January 2023)
169781,CRITICAL,KB5022339: Windows Server 2008 R2 Security Update (January 2023)
169788,CRITICAL,KB5022286: Windows 10 version 1809 / Windows Server 2019 Security Update (January 2023)
169789,CRITICAL,KB5022346: Windows 8.1 Embedded and Windows Server 2012 R2 Security Update (January 2023)
169877,HIGH,Adobe Acrobat < 20.005.30436 / 22.003.20310 Multiple Vulnerabilities (APSB23-01)
169880,HIGH,Adobe Reader < 20.005.30436 / 22.003.20310 Multiple Vulnerabilities (APSB23-01)
169891,HIGH,Security Updates for Microsoft Office Products C2R (January 2023)
169899,HIGH,SolarWinds Serv-U < 15.3.0 Common Key (CVE-2021-35252)
170099,CRITICAL,Mozilla Firefox < 109.0
170113,HIGH,Apache 2.4.x < 2.4.55 Multiple Vulnerabilities
170161,MEDIUM,Oracle Java SE Multiple Vulnerabilities (January 2023 CPU)
170172,HIGH,Wireshark 3.6.x < 3.6.11 Multiple Vulnerabilities
170519,CRITICAL,Google Chrome < 109.0.5414.119 Multiple Vulnerabilities
170963,CRITICAL,Microsoft Windows 10 Version 21H2 Unsupported Version Detection (deprecated)
171268,CRITICAL,Microsoft Edge (Chromium) < 110.0.1587.41 Multiple Vulnerabilities
171321,CRITICAL,Google Chrome < 110.0.5481.77 Multiple Vulnerabilities
171351,CRITICAL,Apache Tomcat SEoL (7.0.x)
171440,CRITICAL,KB5022874: Windows Server 2008 R2 Security Update (February 2023)
171441,CRITICAL,KB5022840: Windows 10 version 1809 / Windows Server 2019 Security Update (February 2023)
171448,CRITICAL,KB5022838: Windows 10 Version 1607 and Windows Server 2016 Security Update (February 2023)
171449,CRITICAL,Security Updates for Microsoft Word Products (February 2023)
171453,CRITICAL,KB5022894: Windows 8.1 Embedded and Windows Server 2012 R2 Security Update (February 2023)
171454,CRITICAL,Mozilla Firefox < 110.0
171545,HIGH,Security Updates for Microsoft .NET core (February 2023)
171554,CRITICAL,Security Updates for Microsoft Word Products C2R (February 2023)
171556,MEDIUM,Security Updates for Microsoft Publisher Products C2R (February 2023)
171598,HIGH,Security Updates for Microsoft .NET Framework (February 2023)
171604,HIGH,Security Updates for Microsoft SQL Server (February 2023)
171657,HIGH,Apache Tomcat 9.0.0.M1 < 9.0.71
172186,CRITICAL,Apache 2.4.x < 2.4.56 Multiple Vulnerabilities
172221,CRITICAL,Google Chrome < 111.0.5563.64 Multiple Vulnerabilities
172515,CRITICAL,Mozilla Firefox < 111.0
172517,CRITICAL,KB5023759: Windows Server 2008 R2 Security Update (March 2023)
172522,HIGH,Security Updates for Microsoft Excel Products (March 2023)
172527,CRITICAL,Security Updates for Outlook (March 2023)
172535,CRITICAL,KB5023764: Windows 8.1 Embedded and Windows Server 2012 R2 Security Update (March 2023)
172537,HIGH,Security Updates for Microsoft Office Products (March 2023)
172606,HIGH,Security Updates for Microsoft Excel Products C2R (March 2023)
172607,CRITICAL,Security Updates for Outlook C2R Elevation of Privilege (March 2023)
173059,CRITICAL,Google Chrome < 111.0.5563.110 Multiple Vulnerabilities
173251,MEDIUM,Apache Tomcat 9.0.0.M1 < 9.0.72
173836,CRITICAL,Google Chrome < 112.0.5615.49 Multiple Vulnerabilities
174076,CRITICAL,Mozilla Firefox < 112.0
174103,CRITICAL,KB5025277: Windows Server 2008 R2 Security Update (April 2023)
174114,HIGH,Security Updates for Microsoft Publisher Products (April 2023)
174118,CRITICAL,KB5025288: Windows 8.1 Embedded and Windows Server 2012 R2 Security Update (April 2023)
174135,HIGH,Adobe Reader < 20.005.30467 / 23.001.20143 Multiple Vulnerabilities (APSB23-24)
174136,HIGH,Adobe Acrobat < 20.005.30467 / 23.001.20143 Multiple Vulnerabilities (APSB23-24)
174219,MEDIUM,Security Updates for Microsoft .NET core (April 2023)
174220,HIGH,Security Updates for Microsoft Office Products C2R (April 2023)
174221,HIGH,Security Updates for Microsoft Publisher Products C2R (April 2023)
174222,HIGH,Security Updates for Microsoft Word Products C2R (April 2023)
174236,HIGH,Wireshark 3.6.x < 3.6.13 Multiple Vulnerabilities
174332,CRITICAL,Google Chrome < 112.0.5615.121 Vulnerability
174469,HIGH,Zoom VDI Meeting Client < 5.13.1 Vulnerability (ZSB-23001)
174478,CRITICAL,Google Chrome < 112.0.5615.137 Multiple Vulnerabilities
174511,HIGH,Oracle Java SE Multiple Vulnerabilities (April 2023 CPU)
175001,CRITICAL,Google Chrome < 113.0.5672.63 Multiple Vulnerabilities
175330,CRITICAL,Mozilla Firefox < 113.0
175337,HIGH,Security Updates for Microsoft Excel Products (May 2023)
175344,CRITICAL,KB5026426: Windows Server 2008 R2 Security Update (May 2023)
175346,HIGH,Security Updates for Microsoft Word Products (May 2023)
175349,CRITICAL,KB5026409: Windows 8.1 Embedded and Windows Server 2012 R2 Security Update (May 2023)
175373,CRITICAL,Microsoft Message Queuing RCE (CVE-2023-21554, QueueJumper)
175391,HIGH,Security Updates for Microsoft Word Products C2R (May 2023)
175392,HIGH,Security Updates for Microsoft Excel Products C2R (May 2023)
175393,HIGH,Security Updates for Microsoft Office Products C2R (May 2023)
175408,HIGH,Microsoft Teams < 1.6.0.11166 Information Disclosure
175440,HIGH,Security Updates for Microsoft SQL Server OLE DB Driver (April 2023)
175441,HIGH,Security Updates for Microsoft SQL Server ODBC Driver (April 2023)
175450,HIGH,Security Updates for Microsoft SQL Server (April 2023)
175839,CRITICAL,Google Chrome < 113.0.5672.126 Multiple Vulnerabilities
176249,HIGH,ESXi < 7.0 Reflected Denial of Service
176328,HIGH,Windows Kerberos Elevation of Privilege Vulnerability (CVE-2022-37967) (November 2022)
176368,HIGH,Wireshark 3.6.x < 3.6.14 Multiple Vulnerabilities
176494,CRITICAL,Google Chrome < 114.0.5735.91 Multiple Vulnerabilities (deprecated)
176496,CRITICAL,Google Chrome < 114.0.5735.90 Multiple Vulnerabilities
176675,CRITICAL,Google Chrome < 114.0.5735.110 Vulnerability
176741,CRITICAL,Mozilla Firefox < 114.0
177024,HIGH,SolarWinds Serv-U < 15.4 Exposure of Sensitive Information (CVE-2023-23841)
177219,HIGH,Zoom Client for Meetings < 5.14.0 Vulnerability (ZSB-23013)
177223,HIGH,Zoom Client for Meetings < 5.14.0 Vulnerability (ZSB-23015)
177227,CRITICAL,Google Chrome < 114.0.5735.133 Multiple Vulnerabilities
177237,CRITICAL,KB5027282: Windows 8.1 Embedded and Windows Server 2012 R2 Security Update (June 2023)
177241,CRITICAL,KB5027256: Windows Server 2008 R2 Security Update (June 2023)
177245,CRITICAL,Security Updates for Outlook (June 2023)
177246,CRITICAL,KB5027219: Windows 10 Version 1607 and Windows Server 2016 Security Update (June 2023)
177247,CRITICAL,KB5027222: Windows 10 version 1809 / Windows Server 2019 Security Update (June 2023)
177248,HIGH,Security Updates for Microsoft Excel Products (June 2023)
177265,HIGH,Security Update for .NET Core (June 2023)
177296,CRITICAL,Security Updates for Microsoft Office Products C2R (June 2023)
177297,HIGH,Security Updates for Microsoft Excel Products C2R (June 2023)
177393,CRITICAL,Security Updates for Microsoft .NET Framework (June 2023)
177635,CRITICAL,Google Chrome < 114.0.5735.198 Multiple Vulnerabilities
177932,CRITICAL,Mozilla Firefox < 115.0
178147,CRITICAL,Mozilla Firefox < 115.0.2
178150,CRITICAL,KB5028168: Windows 10 version 1809 / Windows Server 2019 Security Update (July 2023)
178156,CRITICAL,KB5028223: Windows Server 2012 R2 Security Update (July 2023)
178159,CRITICAL,KB5028166: Windows 10 Version 21H2 / Windows 10 Version 22H2 Security Update (July 2023)
178162,CRITICAL,Security Updates for Microsoft Word Products (July 2023)
178165,HIGH,Security Updates for Outlook (July 2023)
178168,CRITICAL,KB5028224: Windows Server 2008 R2 Security Update (July 2023)
178169,HIGH,Security Updates for Microsoft Office Products (July 2023)
178193,HIGH,Security Update for Microsoft .NET Core (July 2023)
178197,MEDIUM,Wireshark 3.6.x < 3.6.15 A Vulnerability
178203,HIGH,Security Updates for Outlook C2R Multiple Vulnerabilities (July 2023)
178204,HIGH,Security Updates for Microsoft Excel Products C2R (July 2023)
178205,CRITICAL,Security Updates for Microsoft Office Products C2R (July 2023)
178447,CRITICAL,Google Chrome < 115.0.5790.98 Multiple Vulnerabilities
178485,HIGH,Oracle Java SE Multiple Vulnerabilities (July 2023 CPU)
178851,HIGH,Security Updates for Microsoft SQL Server ODBC Driver (June 2023)
178852,CRITICAL,Security Updates for Microsoft SQL Server OLE DB Driver (June 2023)
179143,CRITICAL,Mozilla Firefox < 116.0
179224,CRITICAL,Google Chrome < 115.0.5790.170 Multiple Vulnerabilities
179482,HIGH,Adobe Acrobat < 20.005.30514.10514 / 23.003.20269 Multiple Vulnerabilities (APSB23-30)
179484,HIGH,Adobe Reader < 20.005.30514.10514 / 23.003.20269 Multiple Vulnerabilities (APSB23-30)
179489,CRITICAL,KB5029307: Windows Server 2008 R2 Security Update (August 2023)
179502,HIGH,Security Update for Microsoft .NET Core (August 2023)
179612,HIGH,Security Updates for Outlook C2R Session Spoofing Vulnerability (August 2023)
179613,HIGH,Security Updates for Microsoft Excel Products C2R (August 2023)
179614,HIGH,Security Updates for Microsoft Office Products C2R (August 2023)
179635,CRITICAL,Microsoft Teams < 1.6.0.18681 RCE
179664,HIGH,Security Updates for Microsoft .NET Framework (August 2023)
179837,CRITICAL,Google Chrome < 116.0.5845.96 Multiple Vulnerabilities
180007,CRITICAL,Security Updates for Microsoft SQL Server ODBC Driver (August 2023)
180163,CRITICAL,Google Chrome < 116.0.5845.110 Multiple Vulnerabilities
180194,MEDIUM,Apache Tomcat 9.0.0.M1 < 9.0.80
180232,CRITICAL,Mozilla Firefox < 117.0
180250,CRITICAL,Google Chrome < 116.0.5845.140 Vulnerability
180508,CRITICAL,Google Chrome < 116.0.5845.179 Multiple Vulnerabilities
181235,CRITICAL,Google Chrome < 116.0.5845.187 Vulnerability
181274,HIGH,Adobe Acrobat < 20.005.30524 / 23.006.20320 Vulnerability (APSB23-34)
181276,HIGH,Adobe Reader < 20.005.30524 / 23.006.20320 Vulnerability (APSB23-34)
181277,HIGH,Security Update for Microsoft .NET Core (September 2023)
181291,CRITICAL,Google Chrome < 117.0.5938.62 Multiple Vulnerabilities
181342,HIGH,Security Updates for Outlook C2R Information Disclosure (September 2023)
181345,CRITICAL,Security Updates for Microsoft Office Products C2R Multiple Vulnerabilities (September 2023)
181349,CRITICAL,Mozilla Firefox < 117.0.1
181375,HIGH,Security Updates for Microsoft .NET Framework (September 2023)
181875,CRITICAL,Mozilla Firefox < 118.0
182072,CRITICAL,Google Chrome < 117.0.5938.132 Multiple Vulnerabilities
182134,CRITICAL,Mozilla Firefox < 118.0.1
182442,CRITICAL,Google Chrome < 117.0.5938.149 Vulnerability
182850,CRITICAL,Google Chrome < 118.0.5993.70 Multiple Vulnerabilities
182854,CRITICAL,KB5031356: Windows 10 Version 21H2 / Windows 10 Version 22H2 Security Update (October 2023)
182857,CRITICAL,KB5031441: Windows Server 2008 R2 Security Update (October 2023)
182865,CRITICAL,KB5031361: Windows 10 version 1809 / Windows Server 2019 Security Update (October 2023)
182968,HIGH,Security Updates for Microsoft SQL Server OLE DB Driver (October 2023)
183025,HIGH,Security Update for Microsoft .NET 6 Core (October 2023)
183032,HIGH,Security Updates for Microsoft Office Products C2R Multiple Vulnerabilities (October 2023)
183036,HIGH,Security Updates for Microsoft SQL Server ODBC Driver (October 2023)
183246,HIGH,Google Chrome < 118.0.5993.88 Vulnerability
183391,HIGH,Apache 2.4.x < 2.4.58 Multiple Vulnerabilities
183784,CRITICAL,Mozilla Firefox ESR < 115.4
183806,CRITICAL,Google Chrome < 118.0.5993.117 Vulnerability
183957,CRITICAL,VMware vCenter Server 6.5 < 6.5U3v / 6.7 < 6.7U3t / 7.0 < 7.0U3o / 8.0 < 8.0U1d Out-of-bounds Write (VMSA-2023-0023)
183958,MEDIUM,VMware vCenter Server 7.0 < 7.0U3o / 8.0 < 8.0U2 Partial Information Disclosure (VMSA-2023-0023)
184083,CRITICAL,Google Chrome < 119.0.6045.105 Multiple Vulnerabilities
185349,CRITICAL,Google Chrome < 119.0.6045.123 Vulnerability
185552,HIGH,Adobe Acrobat < 20.005.30539 / 23.006.20380 Multiple Vulnerabilities (APSB23-54)
185553,HIGH,Adobe Reader < 20.005.30539 / 23.006.20380 Multiple Vulnerabilities (APSB23-54)
185577,CRITICAL,KB5032249: Windows Server 2012 R2 Security Update (November 2023)
185587,CRITICAL,KB5032250: Windows Server 2008 R2 Security Update (November 2023)
185605,CRITICAL,Google Chrome < 119.0.6045.159 Multiple Vulnerabilities
185741,HIGH,Security Updates for Microsoft Office Products C2R Multiple Vulnerabilities (November 2023)
185742,HIGH,Security Updates for Microsoft Excel Products C2R Information Disclosure (November 2023)
185886,MEDIUM,Security Update for Microsoft .NET Core (November 2023) (CVE-2023-36558)
185887,CRITICAL,Security Updates for Microsoft .NET Framework (November 2023)
186186,CRITICAL,Mozilla Firefox ESR < 115.5.0
186362,CRITICAL,Google Chrome < 119.0.6045.199 Multiple Vulnerabilities
